M2_02_ORDINAL,EXACT_SIGNATURE,LIVE_EXISTENCE,SECURITY_MODE_CURRENT,OWNER_CURRENT,SEARCH_PATH_CURRENT,PUBLIC_EXECUTE,ANON_EXECUTE,AUTHENTICATED_EXECUTE,SERVICE_ROLE_EXECUTE,M2_02_PROVENANCE,CANONICAL_CALLER,CALLER_EVIDENCE,LIFECYCLE_STATE,STATIC_READS,STATIC_WRITES,SIDE_EFFECT_CLASS,ACTOR_DERIVATION,TENANT_DERIVATION,ROLE_PERMISSION_DERIVATION,OBJECT_AUTHORITY_BASIS,TRANSITIVE_CALLEES,TRANSITIVE_PRIVILEGE_EXPANSION,B1_TARGET_AUTHORITY_CLASS,DEFINER_ELEVATION_REASON,DEFINER_JUSTIFICATION_STATUS,TARGET_SECURITY_MODE,TARGET_EXECUTE_PRINCIPALS,CALLER_ACL_CONTRADICTION,OWNER_TARGET_STATUS,SEARCH_PATH_TARGET_STATUS,RLS_OR_DIRECT_DML_DEPENDENCY,M2_04C_DEPENDENCY,TRIGGER_DEPENDENCY,M2_04D_DEPENDENCY,APPSEC_ASSURANCE_REQUIRED,RUNTIME_ASSURANCE_REQUIRED,FINDING_CLASS,RESIDUAL_RISK,PROOF_NEEDED
003,"public.alterar_role_corretor(p_corretor_id uuid, p_novo_role text)",YES,DEFINER,postgres,public,false,false,true,true,APP,ACTIVE_VERSIONED_APP_CALLER,accepted M2-02 provenance closure + live exact signature/body,ACTIVE_VERSIONED_APP_CALLER,YES,YES,MUTATIVE,auth.uid()/server-derived profile,server-derived empresa/object relation,trusted tables/helpers; not client-presented,caller-owned/server context,none material observed,NO_MATERIAL_EXPANSION_OBSERVED,PRIVILEGED_OPERATION,controlled privileged read/write path; caller direct table authority intentionally insufficient or sensitive,PROVEN_BY_BODY_CONTRACT,DEFINER,authenticated + role/object gates,NONE_OBSERVED,NOT_DETERMINED (owner postgres observed; target owner not auto-accepted),REVIEW_REQUIRED,CONDITIONAL,CONDITIONAL,NONE_OBSERVED,NO,YES,CONDITIONAL,ACCEPTABLE WITH RESIDUAL RISK,runtime effectiveness not proven,independent AppSec retest; runtime/concurrency assurance
004,"public.aprovar_rejeitar_mesa(p_simulacao_id uuid, p_acao text, p_justificativa text)",YES,DEFINER,postgres,public,false,false,true,true,APP,ACTIVE_VERSIONED_APP_CALLER,accepted M2-02 provenance closure + live exact signature/body,ACTIVE_VERSIONED_APP_CALLER,YES,YES,MUTATIVE,auth.uid()/server-derived profile,server-derived empresa/object relation,trusted tables/helpers; not client-presented,caller-owned/server context,none material observed,NO_MATERIAL_EXPANSION_OBSERVED,PRIVILEGED_OPERATION,controlled privileged read/write path; caller direct table authority intentionally insufficient or sensitive,PROVEN_BY_BODY_CONTRACT,DEFINER,authenticated + role/object gates,NONE_OBSERVED,NOT_DETERMINED (owner postgres observed; target owner not auto-accepted),REVIEW_REQUIRED,CONDITIONAL,CONDITIONAL,NONE_OBSERVED,NO,YES,CONDITIONAL,ACCEPTABLE WITH RESIDUAL RISK,runtime effectiveness not proven,independent AppSec retest; runtime/concurrency assurance
005,"public.atualizar_feedback(p_lead_id uuid, p_feedback text, p_observacao text)",YES,DEFINER,postgres,public,false,false,true,true,APP,ACTIVE_VERSIONED_APP_CALLER,accepted M2-02 provenance closure + live exact signature/body,ACTIVE_VERSIONED_APP_CALLER,YES,YES,MUTATIVE,auth.uid()/server-derived profile,server-derived empresa/object relation,none/indirect,server relation binding,none material observed,NO_MATERIAL_EXPANSION_OBSERVED,AUTHENTICATED_COMMAND,controlled privileged read/write path; caller direct table authority intentionally insufficient or sensitive,PROVEN_BY_BODY_CONTRACT,DEFINER,authenticated,NONE_OBSERVED,NOT_DETERMINED (owner postgres observed; target owner not auto-accepted),REVIEW_REQUIRED,YES,YES,NONE_OBSERVED,NO,CONDITIONAL,CONDITIONAL,ACCEPTABLE WITH RESIDUAL RISK,runtime effectiveness not proven,runtime/concurrency assurance
006,"public.atualizar_perfil_corretor(p_corretor_id uuid, p_apelido text, p_telefone text, p_empresa text, p_lista_preferencial uuid)",YES,DEFINER,postgres,public,false,false,true,true,APP,ACTIVE_VERSIONED_APP_CALLER,accepted M2-02 provenance closure + live exact signature/body,ACTIVE_VERSIONED_APP_CALLER,YES,YES,MUTATIVE,auth.uid()/server-derived profile,server-derived empresa/object relation,none/indirect,server relation binding,none material observed,NO_MATERIAL_EXPANSION_OBSERVED,AUTHENTICATED_COMMAND,controlled privileged read/write path; caller direct table authority intentionally insufficient or sensitive,PROVEN_BY_BODY_CONTRACT,DEFINER,authenticated,NONE_OBSERVED,NOT_DETERMINED (owner postgres observed; target owner not auto-accepted),REVIEW_REQUIRED,YES,YES,NONE_OBSERVED,NO,CONDITIONAL,CONDITIONAL,ACCEPTABLE WITH RESIDUAL RISK,runtime effectiveness not proven,runtime/concurrency assurance
007,"public.atualizar_status_corretor(p_corretor_id uuid, p_ativo boolean, p_apto_para_receber boolean)",YES,DEFINER,postgres,pg_catalog,false,false,true,false,APP,ACTIVE_VERSIONED_APP_CALLER,accepted M2-02 provenance closure + live exact signature/body,ACTIVE_VERSIONED_APP_CALLER,YES,YES,MUTATIVE,auth.uid()/server-derived profile,server-derived empresa/object relation,trusted tables/helpers; not client-presented,caller-owned/server context,none material observed,NO_MATERIAL_EXPANSION_OBSERVED,PRIVILEGED_OPERATION,controlled privileged read/write path; caller direct table authority intentionally insufficient or sensitive,PROVEN_BY_BODY_CONTRACT,DEFINER,authenticated + role/object gates,NONE_OBSERVED,NOT_DETERMINED (owner postgres observed; target owner not auto-accepted),HARDENED_FORM_OBSERVED; semantic safety still requires review,CONDITIONAL,CONDITIONAL,NONE_OBSERVED,NO,YES,YES,ACCEPTABLE WITH RESIDUAL RISK,runtime effectiveness not proven,independent AppSec retest; runtime/concurrency assurance
009,"public.atualizar_time_corretor(p_corretor_id uuid, p_time_id uuid)",YES,DEFINER,postgres,public,false,false,true,true,APP,ACTIVE_VERSIONED_APP_CALLER,accepted M2-02 provenance closure + live exact signature/body,ACTIVE_VERSIONED_APP_CALLER,YES,YES,MUTATIVE,auth.uid()/server-derived profile,server-derived empresa/object relation,trusted tables/helpers; not client-presented,server relation binding,none material observed,NO_MATERIAL_EXPANSION_OBSERVED,PRIVILEGED_OPERATION,controlled privileged read/write path; caller direct table authority intentionally insufficient or sensitive,PROVEN_BY_BODY_CONTRACT,DEFINER,authenticated + role/object gates,NONE_OBSERVED,NOT_DETERMINED (owner postgres observed; target owner not auto-accepted),REVIEW_REQUIRED,CONDITIONAL,CONDITIONAL,NONE_OBSERVED,NO,YES,CONDITIONAL,ACCEPTABLE WITH RESIDUAL RISK,runtime effectiveness not proven,independent AppSec retest; runtime/concurrency assurance
010,public.audit_trail_actor_context(),YES,DEFINER,postgres,public,false,false,true,true,DB_INTERNAL,DB_INTERNAL,accepted M2-02 provenance closure + live exact signature/body,DB_INTERNAL,YES,NO,READ_ONLY,auth.uid()/server-derived profile,N/A or indirect,none/indirect,caller-owned/server context,none material observed,NO_MATERIAL_EXPANSION_OBSERVED,DB_INTERNAL_HELPER,requires M2-04C/RLS or parent-caller proof before deciding whether caller authority is sufficient,NOT_DETERMINED,NOT_DETERMINED,internal callers only; no direct client EXECUTE,DIRECT_AUTH_EXECUTE_ON_INTERNAL_HELPER,NOT_DETERMINED (owner postgres observed; target owner not auto-accepted),REVIEW_REQUIRED,YES,YES,audit trigger context,YES,CONDITIONAL,NO,REQUIRED IN THIS TASK,ACL/class mismatch; mode depends on RLS/direct authority proof,M2-04C RLS/direct-DML proof
017,"public.avaliar_lista(p_lista_id uuid, p_nota integer, p_comentario text, p_lote_id uuid)",YES,DEFINER,postgres,public,false,false,true,true,DB_INTERNAL,DB_INTERNAL,accepted M2-02 provenance closure + live exact signature/body,DB_INTERNAL,NO,NO,READ_ONLY,auth.uid()/server-derived profile,N/A or indirect,none/indirect,caller-owned/server context,avaliar_lote,YES/REVIEW,DB_INTERNAL_HELPER,requires M2-04C/RLS or parent-caller proof before deciding whether caller authority is sufficient,NOT_DETERMINED,NOT_DETERMINED,internal callers only; no direct client EXECUTE,DIRECT_AUTH_EXECUTE_ON_INTERNAL_HELPER,NOT_DETERMINED (owner postgres observed; target owner not auto-accepted),REVIEW_REQUIRED,YES,YES,NONE_OBSERVED,NO,CONDITIONAL,NO,REQUIRED IN THIS TASK,ACL/class mismatch; mode depends on RLS/direct authority proof,M2-04C RLS/direct-DML proof
018,"public.avaliar_lote(p_lote_id uuid, p_nota integer, p_comentario text)",YES,DEFINER,postgres,public,false,false,true,true,DB_INTERNAL,DB_INTERNAL,accepted M2-02 provenance closure + live exact signature/body,DB_INTERNAL,YES,YES,MUTATIVE,auth.uid()/server-derived profile,server-derived empresa/object relation,none/indirect,server relation binding,none material observed,NO_MATERIAL_EXPANSION_OBSERVED,AUTHENTICATED_COMMAND,requires M2-04C/RLS or parent-caller proof before deciding whether caller authority is sufficient,NOT_DETERMINED,NOT_DETERMINED,authenticated,NONE_OBSERVED,NOT_DETERMINED (owner postgres observed; target owner not auto-accepted),REVIEW_REQUIRED,YES,YES,NONE_OBSERVED,NO,CONDITIONAL,CONDITIONAL,REQUIRED IN THIS TASK,mode depends on RLS/direct authority proof,M2-04C RLS/direct-DML proof; runtime/concurrency assurance
019,"public.corretor_tem_acesso_lista(p_lista_id uuid, p_corretor_id uuid, p_empresa_id uuid, p_time_id uuid)",YES,DEFINER,postgres,public,false,false,false,true,DB_INTERNAL,DB_INTERNAL,accepted M2-02 provenance closure + live exact signature/body,DB_INTERNAL,YES,NO,READ_ONLY,auth.uid()/server-derived profile,N/A or indirect,none/indirect,server relation binding,none material observed,NO_MATERIAL_EXPANSION_OBSERVED,DB_INTERNAL_HELPER,requires M2-04C/RLS or parent-caller proof before deciding whether caller authority is sufficient,NOT_DETERMINED,NOT_DETERMINED,internal callers only; no direct client EXECUTE,NONE_OBSERVED,NOT_DETERMINED (owner postgres observed; target owner not auto-accepted),REVIEW_REQUIRED,YES,YES,NONE_OBSERVED,NO,CONDITIONAL,NO,REQUIRED IN THIS TASK,mode depends on RLS/direct authority proof,M2-04C RLS/direct-DML proof
020,"public.criar_empresa_root(p_nome text, p_slug text, p_plano_id uuid, p_trial_dias integer)",YES,DEFINER,postgres,public,false,false,true,true,APP,ACTIVE_VERSIONED_APP_CALLER,accepted M2-02 provenance closure + live exact signature/body,ACTIVE_VERSIONED_APP_CALLER,YES,YES,MUTATIVE,auth.uid()/server-derived profile,server-derived empresa/object relation,trusted tables/helpers; not client-presented,caller-owned/server context,none material observed,NO_MATERIAL_EXPANSION_OBSERVED,PRIVILEGED_OPERATION,controlled privileged read/write path; caller direct table authority intentionally insufficient or sensitive,PROVEN_BY_BODY_CONTRACT,DEFINER,authenticated + role/object gates,NONE_OBSERVED,NOT_DETERMINED (owner postgres observed; target owner not auto-accepted),REVIEW_REQUIRED,CONDITIONAL,CONDITIONAL,NONE_OBSERVED,NO,YES,CONDITIONAL,ACCEPTABLE WITH RESIDUAL RISK,runtime effectiveness not proven,independent AppSec retest; runtime/concurrency assurance
021,"public.criar_lista(p_nome_fornecedor text, p_nome_arquivo text, p_escopo_distribuicao text)",YES,DEFINER,postgres,public,false,false,true,true,APP,ACTIVE_VERSIONED_APP_CALLER,accepted M2-02 provenance closure + live exact signature/body,ACTIVE_VERSIONED_APP_CALLER,YES,YES,MUTATIVE,auth.uid()/server-derived profile,server-derived empresa/object relation,trusted tables/helpers; not client-presented,server relation binding,none material observed,NO_MATERIAL_EXPANSION_OBSERVED,PRIVILEGED_OPERATION,controlled privileged read/write path; caller direct table authority intentionally insufficient or sensitive,PROVEN_BY_BODY_CONTRACT,DEFINER,authenticated + role/object gates,NONE_OBSERVED,NOT_DETERMINED (owner postgres observed; target owner not auto-accepted),REVIEW_REQUIRED,CONDITIONAL,CONDITIONAL,NONE_OBSERVED,NO,YES,CONDITIONAL,ACCEPTABLE WITH RESIDUAL RISK,runtime effectiveness not proven,independent AppSec retest; runtime/concurrency assurance
022,"public.criar_mesa_simulacao(p_lead_id uuid, p_empreendimento_id uuid, p_unidade_estoque_id uuid, p_simulacao_origem_id uuid, p_cliente_nome text, p_valor_total numeric, p_prazo_meses integer, p_oficial boolean, p_snapshot_payload jsonb)",YES,DEFINER,postgres,public,false,false,true,true,APP,ACTIVE_VERSIONED_APP_CALLER,accepted M2-02 provenance closure + live exact signature/body,ACTIVE_VERSIONED_APP_CALLER,YES,YES,MUTATIVE,auth.uid()/server-derived profile,server-derived empresa/object relation,trusted tables/helpers; not client-presented,server relation binding,none material observed,NO_MATERIAL_EXPANSION_OBSERVED,PRIVILEGED_OPERATION,controlled privileged read/write path; caller direct table authority intentionally insufficient or sensitive,PROVEN_BY_BODY_CONTRACT,DEFINER,authenticated + role/object gates,NONE_OBSERVED,NOT_DETERMINED (owner postgres observed; target owner not auto-accepted),REVIEW_REQUIRED,CONDITIONAL,CONDITIONAL,NONE_OBSERVED,NO,YES,CONDITIONAL,ACCEPTABLE WITH RESIDUAL RISK,runtime effectiveness not proven,independent AppSec retest; runtime/concurrency assurance
023,"public.criar_time(p_nome text, p_gestor_id uuid)",YES,DEFINER,postgres,"pg_catalog, public",false,false,true,true,APP,ACTIVE_VERSIONED_APP_CALLER,accepted M2-02 provenance closure + live exact signature/body,ACTIVE_VERSIONED_APP_CALLER,YES,YES,MUTATIVE,auth.uid()/server-derived profile,server-derived empresa/object relation,trusted tables/helpers; not client-presented,server relation binding,none material observed,NO_MATERIAL_EXPANSION_OBSERVED,PRIVILEGED_OPERATION,controlled privileged read/write path; caller direct table authority intentionally insufficient or sensitive,PROVEN_BY_BODY_CONTRACT,DEFINER,authenticated + role/object gates,NONE_OBSERVED,NOT_DETERMINED (owner postgres observed; target owner not auto-accepted),HARDENED_FORM_OBSERVED; semantic safety still requires review,CONDITIONAL,CONDITIONAL,NONE_OBSERVED,NO,YES,YES,ACCEPTABLE WITH RESIDUAL RISK,runtime effectiveness not proven,independent AppSec retest; runtime/concurrency assurance
024,public.debug_solicitar_lote(),YES,DEFINER,postgres,public,false,false,false,true,NO_VERSIONED_CALLER,NO_VERSIONED_CALLER,accepted M2-02 provenance closure + live exact signature/body,NO_VERSIONED_CALLER,NO,NO,READ_ONLY,auth.uid()/server-derived profile,N/A or indirect,none/indirect,caller-owned/server context,none material observed,NO_MATERIAL_EXPANSION_OBSERVED,DB_INTERNAL_HELPER,none required; caller/internal context sufficient for observed operation,NOT_REQUIRED,INVOKER,internal callers only; no direct client EXECUTE,NONE_OBSERVED,NOT_DETERMINED (owner postgres observed; target owner not auto-accepted),REVIEW_REQUIRED,CONDITIONAL,CONDITIONAL,NONE_OBSERVED,NO,CONDITIONAL,NO,ACCEPTABLE WITH RESIDUAL RISK,lifecycle/caller reachability unresolved,caller/lifecycle adjudication
025,public.devolver_lote(p_lote_id uuid),YES,DEFINER,postgres,public,false,false,true,true,EXT_NO_APP_CALLER,NO_CURRENT_APP_CALLER_PROVEN,accepted M2-02 provenance closure + live exact signature/body,NO_CURRENT_APP_CALLER_PROVEN,YES,YES,MUTATIVE,auth.uid()/server-derived profile,server-derived empresa/object relation,none/indirect,server relation binding,none material observed,NO_MATERIAL_EXPANSION_OBSERVED,AUTHENTICATED_COMMAND,controlled privileged read/write path; caller direct table authority intentionally insufficient or sensitive,PROVEN_BY_BODY_CONTRACT,DEFINER,authenticated,NONE_OBSERVED,NOT_DETERMINED (owner postgres observed; target owner not auto-accepted),REVIEW_REQUIRED,YES,YES,NONE_OBSERVED,NO,CONDITIONAL,CONDITIONAL,ACCEPTABLE WITH RESIDUAL RISK,lifecycle/caller reachability unresolved,runtime/concurrency assurance; caller/lifecycle adjudication
027,public.distribuir_lotes(),YES,DEFINER,postgres,public,false,false,true,true,APP,ACTIVE_VERSIONED_APP_CALLER,accepted M2-02 provenance closure + live exact signature/body,ACTIVE_VERSIONED_APP_CALLER,YES,YES,MUTATIVE,auth.uid()/server-derived profile,server-derived empresa/object relation,trusted tables/helpers; not client-presented,caller-owned/server context,none material observed,NO_MATERIAL_EXPANSION_OBSERVED,PRIVILEGED_OPERATION,controlled privileged read/write path; caller direct table authority intentionally insufficient or sensitive,PROVEN_BY_BODY_CONTRACT,DEFINER,authenticated + role/object gates,NONE_OBSERVED,NOT_DETERMINED (owner postgres observed; target owner not auto-accepted),REVIEW_REQUIRED,CONDITIONAL,CONDITIONAL,NONE_OBSERVED,NO,YES,YES,ACCEPTABLE WITH RESIDUAL RISK,runtime effectiveness not proven,independent AppSec retest; runtime/concurrency assurance
028,"public.encerrar_lote_parcial(p_lote_id uuid, p_quantidade_trabalhada integer, p_motivo text, p_observacao text)",YES,DEFINER,postgres,public,false,false,true,true,EXT_NO_APP_CALLER,NO_CURRENT_APP_CALLER_PROVEN,accepted M2-02 provenance closure + live exact signature/body,NO_CURRENT_APP_CALLER_PROVEN,YES,YES,MUTATIVE,auth.uid()/server-derived profile,server-derived empresa/object relation,none/indirect,server relation binding,none material observed,NO_MATERIAL_EXPANSION_OBSERVED,AUTHENTICATED_COMMAND,controlled privileged read/write path; caller direct table authority intentionally insufficient or sensitive,PROVEN_BY_BODY_CONTRACT,DEFINER,authenticated,NONE_OBSERVED,NOT_DETERMINED (owner postgres observed; target owner not auto-accepted),REVIEW_REQUIRED,YES,YES,NONE_OBSERVED,NO,CONDITIONAL,CONDITIONAL,ACCEPTABLE WITH RESIDUAL RISK,lifecycle/caller reachability unresolved,runtime/concurrency assurance; caller/lifecycle adjudication
029,public.excluir_lista(p_lista_id uuid),YES,DEFINER,postgres,public,false,false,true,true,APP,ACTIVE_VERSIONED_APP_CALLER,accepted M2-02 provenance closure + live exact signature/body,ACTIVE_VERSIONED_APP_CALLER,YES,YES,MUTATIVE,auth.uid()/server-derived profile,server-derived empresa/object relation,trusted tables/helpers; not client-presented,server relation binding,none material observed,NO_MATERIAL_EXPANSION_OBSERVED,PRIVILEGED_OPERATION,controlled privileged read/write path; caller direct table authority intentionally insufficient or sensitive,PROVEN_BY_BODY_CONTRACT,DEFINER,authenticated + role/object gates,NONE_OBSERVED,NOT_DETERMINED (owner postgres observed; target owner not auto-accepted),REVIEW_REQUIRED,CONDITIONAL,CONDITIONAL,NONE_OBSERVED,NO,YES,CONDITIONAL,ACCEPTABLE WITH RESIDUAL RISK,runtime effectiveness not proven,independent AppSec retest; runtime/concurrency assurance
031,"public.gerenciar_lista(p_lista_id uuid, p_acao text, p_motivo text)",YES,DEFINER,postgres,public,false,false,false,true,APP,ACTIVE_VERSIONED_APP_CALLER,accepted M2-02 provenance closure + live exact signature/body,ACTIVE_VERSIONED_APP_CALLER,NO,YES,MUTATIVE,auth.uid()/server-derived profile,server-derived empresa/object relation,trusted tables/helpers; not client-presented,caller-owned/server context,none material observed,NO_MATERIAL_EXPANSION_OBSERVED,PRIVILEGED_OPERATION,"NOT PROVEN. Live body mutates listas, leads, and logs, but only checks is_gestor() and does not establish tenant/object binding for p_lista_id. No concrete B1-compliant reason currently proves that DEFINER elevation is required rather than merely present.",NOT_PROVEN,NOT_DETERMINED,"authenticated gestor-class caller, subject to proven tenant/object authority; exact ACL contract remains to be adjudicated",APP_CALLER_WITHOUT_AUTH_EXECUTE,NOT_DETERMINED (owner postgres observed; target owner not auto-accepted),REVIEW_REQUIRED,CONDITIONAL,YES,NONE_OBSERVED,NO,YES,CONDITIONAL,BLOCKING,cross-tenant scope risk in current body; ACL/class mismatch,M2-04C proof of caller direct-DML/RLS authority and tenant/object binding; subsequent AppSec assurance; runtime assurance as applicable
032,"public.gerenciar_visibilidade_lista(p_lista_id uuid, p_visibilidade jsonb)",YES,DEFINER,postgres,public,false,false,true,true,APP,ACTIVE_VERSIONED_APP_CALLER,accepted M2-02 provenance closure + live exact signature/body,ACTIVE_VERSIONED_APP_CALLER,YES,YES,MUTATIVE,auth.uid()/server-derived profile,server-derived empresa/object relation,trusted tables/helpers; not client-presented,server relation binding,none material observed,NO_MATERIAL_EXPANSION_OBSERVED,PRIVILEGED_OPERATION,controlled privileged read/write path; caller direct table authority intentionally insufficient or sensitive,PROVEN_BY_BODY_CONTRACT,DEFINER,authenticated + role/object gates,NONE_OBSERVED,NOT_DETERMINED (owner postgres observed; target owner not auto-accepted),REVIEW_REQUIRED,CONDITIONAL,CONDITIONAL,NONE_OBSERVED,NO,YES,CONDITIONAL,ACCEPTABLE WITH RESIDUAL RISK,runtime effectiveness not proven,independent AppSec retest; runtime/concurrency assurance
033,public.get_contagens_corretor(),YES,DEFINER,postgres,public,false,false,true,true,APP,ACTIVE_VERSIONED_APP_CALLER,accepted M2-02 provenance closure + live exact signature/body,ACTIVE_VERSIONED_APP_CALLER,YES,NO,READ_ONLY,auth.uid()/server-derived profile,N/A or indirect,none/indirect,caller-owned/server context,none material observed,NO_MATERIAL_EXPANSION_OBSERVED,AUTHENTICATED_QUERY,requires M2-04C/RLS or parent-caller proof before deciding whether caller authority is sufficient,NOT_DETERMINED,NOT_DETERMINED,authenticated,NONE_OBSERVED,NOT_DETERMINED (owner postgres observed; target owner not auto-accepted),REVIEW_REQUIRED,YES,YES,NONE_OBSERVED,NO,NO / NOT_REQUIRED_FOR_THIS_CLASSIFICATION,NO,REQUIRED IN THIS TASK,mode depends on RLS/direct authority proof,M2-04C RLS/direct-DML proof
034,public.get_corretores_time(p_time_id uuid),YES,DEFINER,postgres,public,false,false,true,true,APP,ACTIVE_VERSIONED_APP_CALLER,accepted M2-02 provenance closure + live exact signature/body,ACTIVE_VERSIONED_APP_CALLER,YES,NO,READ_ONLY,auth.uid()/server-derived profile,server-derived empresa/object relation,trusted tables/helpers; not client-presented,server relation binding,none material observed,NO_MATERIAL_EXPANSION_OBSERVED,AUTHENTICATED_QUERY,requires M2-04C/RLS or parent-caller proof before deciding whether caller authority is sufficient,NOT_DETERMINED,NOT_DETERMINED,authenticated,NONE_OBSERVED,NOT_DETERMINED (owner postgres observed; target owner not auto-accepted),REVIEW_REQUIRED,YES,YES,NONE_OBSERVED,NO,NO / NOT_REQUIRED_FOR_THIS_CLASSIFICATION,NO,REQUIRED IN THIS TASK,mode depends on RLS/direct authority proof,M2-04C RLS/direct-DML proof
035,"public.get_dashboard_gestor(p_data_inicio date, p_data_fim date, p_time_id uuid)",YES,DEFINER,postgres,public,false,false,true,true,APP,ACTIVE_VERSIONED_APP_CALLER,accepted M2-02 provenance closure + live exact signature/body,ACTIVE_VERSIONED_APP_CALLER,YES,NO,READ_ONLY,auth.uid()/server-derived profile,server-derived empresa/object relation,trusted tables/helpers; not client-presented,server relation binding,none material observed,NO_MATERIAL_EXPANSION_OBSERVED,AUTHENTICATED_QUERY,requires M2-04C/RLS or parent-caller proof before deciding whether caller authority is sufficient,NOT_DETERMINED,NOT_DETERMINED,authenticated,NONE_OBSERVED,NOT_DETERMINED (owner postgres observed; target owner not auto-accepted),REVIEW_REQUIRED,YES,YES,NONE_OBSERVED,NO,NO / NOT_REQUIRED_FOR_THIS_CLASSIFICATION,NO,REQUIRED IN THIS TASK,mode depends on RLS/direct authority proof,M2-04C RLS/direct-DML proof
036,public.get_dashboard_master(),YES,DEFINER,postgres,public,false,false,true,true,EXT_NO_APP_CALLER,NO_CURRENT_APP_CALLER_PROVEN,accepted M2-02 provenance closure + live exact signature/body,NO_CURRENT_APP_CALLER_PROVEN,YES,NO,READ_ONLY,server relation / supplied object,server-derived empresa/object relation,trusted tables/helpers; not client-presented,caller-owned/server context,none material observed,NO_MATERIAL_EXPANSION_OBSERVED,PRIVILEGED_OPERATION,"NOT PROVEN. The routine performs global reads over leads, listas, and corretores after only is_gestor(). The body does not prove that a gestor is intentionally authorized to bypass tenant-scoped authority.",NOT_PROVEN,NOT_DETERMINED,authenticated privileged caller with proven global/root or tenant-scoped authority; exact principal contract unresolved,NONE_OBSERVED,NOT_DETERMINED (owner postgres observed; target owner not auto-accepted),REVIEW_REQUIRED,CONDITIONAL,YES,NONE_OBSERVED,NO,YES,NO,BLOCKING,cross-tenant scope risk in current body; lifecycle/caller reachability unresolved,M2-04C/direct-read authority proof establishing whether global visibility is intentional; independent AppSec assurance
037,public.get_dashboard_stats(p_empresa_id uuid),YES,DEFINER,postgres,public,false,false,true,true,APP,ACTIVE_VERSIONED_APP_CALLER,accepted M2-02 provenance closure + live exact signature/body,ACTIVE_VERSIONED_APP_CALLER,YES,NO,READ_ONLY,auth.uid()/server-derived profile,server-derived empresa/object relation,trusted tables/helpers; not client-presented,server relation binding,none material observed,NO_MATERIAL_EXPANSION_OBSERVED,AUTHENTICATED_QUERY,requires M2-04C/RLS or parent-caller proof before deciding whether caller authority is sufficient,NOT_DETERMINED,NOT_DETERMINED,authenticated,NONE_OBSERVED,NOT_DETERMINED (owner postgres observed; target owner not auto-accepted),REVIEW_REQUIRED,YES,YES,NONE_OBSERVED,NO,NO / NOT_REQUIRED_FOR_THIS_CLASSIFICATION,NO,REQUIRED IN THIS TASK,mode depends on RLS/direct authority proof,M2-04C RLS/direct-DML proof
038,public.get_empreendimentos_mesa(p_empresa_id uuid),YES,DEFINER,postgres,public,false,true,true,true,APP,ACTIVE_VERSIONED_APP_CALLER,accepted M2-02 provenance closure + live exact signature/body,ACTIVE_VERSIONED_APP_CALLER,YES,NO,READ_ONLY,auth.uid()/server-derived profile,server-derived empresa/object relation,trusted tables/helpers; not client-presented,server relation binding,none material observed,NO_MATERIAL_EXPANSION_OBSERVED,AUTHENTICATED_QUERY,requires M2-04C/RLS or parent-caller proof before deciding whether caller authority is sufficient,NOT_DETERMINED,NOT_DETERMINED,authenticated,ANON_EXECUTE_EXCEEDS_TARGET,NOT_DETERMINED (owner postgres observed; target owner not auto-accepted),REVIEW_REQUIRED,YES,YES,NONE_OBSERVED,NO,NO / NOT_REQUIRED_FOR_THIS_CLASSIFICATION,NO,REQUIRED IN THIS TASK,ACL/class mismatch; mode depends on RLS/direct authority proof,M2-04C RLS/direct-DML proof
039,public.get_empresa_mesa_config(p_empresa_id uuid),YES,DEFINER,postgres,public,false,false,true,true,APP,ACTIVE_VERSIONED_APP_CALLER,accepted M2-02 provenance closure + live exact signature/body,ACTIVE_VERSIONED_APP_CALLER,YES,NO,READ_ONLY,auth.uid()/server-derived profile,server-derived empresa/object relation,trusted tables/helpers; not client-presented,server relation binding,none material observed,NO_MATERIAL_EXPANSION_OBSERVED,AUTHENTICATED_QUERY,requires M2-04C/RLS or parent-caller proof before deciding whether caller authority is sufficient,NOT_DETERMINED,NOT_DETERMINED,authenticated,NONE_OBSERVED,NOT_DETERMINED (owner postgres observed; target owner not auto-accepted),REVIEW_REQUIRED,YES,YES,NONE_OBSERVED,NO,NO / NOT_REQUIRED_FOR_THIS_CLASSIFICATION,NO,REQUIRED IN THIS TASK,mode depends on RLS/direct authority proof,M2-04C RLS/direct-DML proof
040,public.get_funil_stats(p_empresa_id uuid),YES,DEFINER,postgres,public,false,false,true,true,APP,ACTIVE_VERSIONED_APP_CALLER,accepted M2-02 provenance closure + live exact signature/body,ACTIVE_VERSIONED_APP_CALLER,YES,NO,READ_ONLY,auth.uid()/server-derived profile,server-derived empresa/object relation,trusted tables/helpers; not client-presented,server relation binding,none material observed,NO_MATERIAL_EXPANSION_OBSERVED,AUTHENTICATED_QUERY,requires M2-04C/RLS or parent-caller proof before deciding whether caller authority is sufficient,NOT_DETERMINED,NOT_DETERMINED,authenticated,NONE_OBSERVED,NOT_DETERMINED (owner postgres observed; target owner not auto-accepted),REVIEW_REQUIRED,YES,YES,NONE_OBSERVED,NO,NO / NOT_REQUIRED_FOR_THIS_CLASSIFICATION,NO,REQUIRED IN THIS TASK,mode depends on RLS/direct authority proof,M2-04C RLS/direct-DML proof
041,public.get_funil_stats_corretor(),YES,DEFINER,postgres,public,false,false,true,true,APP,ACTIVE_VERSIONED_APP_CALLER,accepted M2-02 provenance closure + live exact signature/body,ACTIVE_VERSIONED_APP_CALLER,YES,NO,READ_ONLY,auth.uid()/server-derived profile,N/A or indirect,none/indirect,caller-owned/server context,none material observed,NO_MATERIAL_EXPANSION_OBSERVED,AUTHENTICATED_QUERY,requires M2-04C/RLS or parent-caller proof before deciding whether caller authority is sufficient,NOT_DETERMINED,NOT_DETERMINED,authenticated,NONE_OBSERVED,NOT_DETERMINED (owner postgres observed; target owner not auto-accepted),REVIEW_REQUIRED,YES,YES,NONE_OBSERVED,NO,NO / NOT_REQUIRED_FOR_THIS_CLASSIFICATION,NO,REQUIRED IN THIS TASK,mode depends on RLS/direct authority proof,M2-04C RLS/direct-DML proof
042,"public.get_historico_mesas(p_empresa_id uuid, p_corretor_id uuid, p_emp_id uuid, p_status text, p_busca text, p_limit integer, p_offset integer)",YES,DEFINER,postgres,public,false,false,true,true,APP,ACTIVE_VERSIONED_APP_CALLER,accepted M2-02 provenance closure + live exact signature/body,ACTIVE_VERSIONED_APP_CALLER,YES,NO,READ_ONLY,auth.uid()/server-derived profile,server-derived empresa/object relation,none/indirect,server relation binding,none material observed,NO_MATERIAL_EXPANSION_OBSERVED,AUTHENTICATED_QUERY,requires M2-04C/RLS or parent-caller proof before deciding whether caller authority is sufficient,NOT_DETERMINED,NOT_DETERMINED,authenticated,NONE_OBSERVED,NOT_DETERMINED (owner postgres observed; target owner not auto-accepted),REVIEW_REQUIRED,YES,YES,NONE_OBSERVED,NO,NO / NOT_REQUIRED_FOR_THIS_CLASSIFICATION,NO,REQUIRED IN THIS TASK,mode depends on RLS/direct authority proof,M2-04C RLS/direct-DML proof
043,"public.get_kpi_operacional(p_data_inicio timestamp with time zone, p_data_fim timestamp with time zone)",YES,DEFINER,postgres,public,false,false,true,true,EXT_NO_APP_CALLER,NO_CURRENT_APP_CALLER_PROVEN,accepted M2-02 provenance closure + live exact signature/body,NO_CURRENT_APP_CALLER_PROVEN,YES,NO,READ_ONLY,auth.uid()/server-derived profile,server-derived empresa/object relation,trusted tables/helpers; not client-presented,caller-owned/server context,none material observed,NO_MATERIAL_EXPANSION_OBSERVED,AUTHENTICATED_QUERY,requires M2-04C/RLS or parent-caller proof before deciding whether caller authority is sufficient,NOT_DETERMINED,NOT_DETERMINED,authenticated,NONE_OBSERVED,NOT_DETERMINED (owner postgres observed; target owner not auto-accepted),REVIEW_REQUIRED,YES,YES,NONE_OBSERVED,NO,NO / NOT_REQUIRED_FOR_THIS_CLASSIFICATION,NO,REQUIRED IN THIS TASK,mode depends on RLS/direct authority proof; lifecycle/caller reachability unresolved,M2-04C RLS/direct-DML proof; caller/lifecycle adjudication
044,public.get_listas_ativas(),YES,DEFINER,postgres,public,false,false,true,true,APP,ACTIVE_VERSIONED_APP_CALLER,accepted M2-02 provenance closure + live exact signature/body,ACTIVE_VERSIONED_APP_CALLER,YES,NO,READ_ONLY,auth.uid()/server-derived profile,server-derived empresa/object relation,trusted tables/helpers; not client-presented,server relation binding,none material observed,NO_MATERIAL_EXPANSION_OBSERVED,AUTHENTICATED_QUERY,requires M2-04C/RLS or parent-caller proof before deciding whether caller authority is sufficient,NOT_DETERMINED,NOT_DETERMINED,authenticated,NONE_OBSERVED,NOT_DETERMINED (owner postgres observed; target owner not auto-accepted),REVIEW_REQUIRED,YES,YES,NONE_OBSERVED,NO,NO / NOT_REQUIRED_FOR_THIS_CLASSIFICATION,NO,REQUIRED IN THIS TASK,mode depends on RLS/direct authority proof,M2-04C RLS/direct-DML proof
045,public.get_mesa_cliente_desconto_politica(p_empreendimento_id uuid),YES,DEFINER,postgres,public,false,true,true,true,DB_INTERNAL,DB_INTERNAL,accepted M2-02 provenance closure + live exact signature/body,DB_INTERNAL,YES,NO,READ_ONLY,auth.uid()/server-derived profile,server-derived empresa/object relation,trusted tables/helpers; not client-presented,server relation binding,none material observed,NO_MATERIAL_EXPANSION_OBSERVED,DB_INTERNAL_HELPER,requires M2-04C/RLS or parent-caller proof before deciding whether caller authority is sufficient,NOT_DETERMINED,NOT_DETERMINED,internal callers only; no direct client EXECUTE,ANON_EXECUTE_EXCEEDS_TARGET;DIRECT_AUTH_EXECUTE_ON_INTERNAL_HELPER,NOT_DETERMINED (owner postgres observed; target owner not auto-accepted),REVIEW_REQUIRED,YES,YES,NONE_OBSERVED,NO,CONDITIONAL,NO,REQUIRED IN THIS TASK,ACL/class mismatch; mode depends on RLS/direct authority proof,M2-04C RLS/direct-DML proof
046,public.get_meus_times(),YES,DEFINER,postgres,public,false,false,true,true,APP,ACTIVE_VERSIONED_APP_CALLER,accepted M2-02 provenance closure + live exact signature/body,ACTIVE_VERSIONED_APP_CALLER,YES,NO,READ_ONLY,auth.uid()/server-derived profile,server-derived empresa/object relation,none/indirect,server relation binding,none material observed,NO_MATERIAL_EXPANSION_OBSERVED,AUTHENTICATED_QUERY,requires M2-04C/RLS or parent-caller proof before deciding whether caller authority is sufficient,NOT_DETERMINED,NOT_DETERMINED,authenticated,NONE_OBSERVED,NOT_DETERMINED (owner postgres observed; target owner not auto-accepted),REVIEW_REQUIRED,YES,YES,NONE_OBSERVED,NO,NO / NOT_REQUIRED_FOR_THIS_CLASSIFICATION,NO,REQUIRED IN THIS TASK,mode depends on RLS/direct authority proof,M2-04C RLS/direct-DML proof
047,public.get_stats_horario(),YES,DEFINER,postgres,public,false,false,true,true,APP,ACTIVE_VERSIONED_APP_CALLER,accepted M2-02 provenance closure + live exact signature/body,ACTIVE_VERSIONED_APP_CALLER,YES,NO,READ_ONLY,auth.uid()/server-derived profile,server-derived empresa/object relation,trusted tables/helpers; not client-presented,caller-owned/server context,none material observed,NO_MATERIAL_EXPANSION_OBSERVED,PRIVILEGED_OPERATION,"NOT PROVEN. is_gestor() OR is_root() gates the function, but the underlying leads aggregations are global. No body contract proves that ordinary gestor callers require or may receive cross-tenant DEFINER read authority.",NOT_PROVEN,NOT_DETERMINED,authenticated gestor/root-class caller subject to a proven scope contract,NONE_OBSERVED,NOT_DETERMINED (owner postgres observed; target owner not auto-accepted),REVIEW_REQUIRED,CONDITIONAL,YES,NONE_OBSERVED,NO,YES,NO,BLOCKING,cross-tenant scope risk in current body,M2-04C/direct-read scope proof distinguishing root-global from tenant-gestor authority; independent AppSec assurance
048,public.get_unidades_mesa(p_empreendimento_id uuid),YES,DEFINER,postgres,public,false,true,true,true,APP,ACTIVE_VERSIONED_APP_CALLER,accepted M2-02 provenance closure + live exact signature/body,ACTIVE_VERSIONED_APP_CALLER,YES,NO,READ_ONLY,auth.uid()/server-derived profile,server-derived empresa/object relation,trusted tables/helpers; not client-presented,server relation binding,none material observed,NO_MATERIAL_EXPANSION_OBSERVED,AUTHENTICATED_QUERY,requires M2-04C/RLS or parent-caller proof before deciding whether caller authority is sufficient,NOT_DETERMINED,NOT_DETERMINED,authenticated,ANON_EXECUTE_EXCEEDS_TARGET,NOT_DETERMINED (owner postgres observed; target owner not auto-accepted),REVIEW_REQUIRED,YES,YES,NONE_OBSERVED,NO,NO / NOT_REQUIRED_FOR_THIS_CLASSIFICATION,NO,REQUIRED IN THIS TASK,ACL/class mismatch; mode depends on RLS/direct authority proof,M2-04C RLS/direct-DML proof
049,public.health_check_core(),YES,DEFINER,postgres,public,false,false,true,true,EXT_NO_APP_CALLER,NO_CURRENT_APP_CALLER_PROVEN,accepted M2-02 provenance closure + live exact signature/body,NO_CURRENT_APP_CALLER_PROVEN,YES,NO,READ_ONLY,auth.uid()/server-derived profile,server-derived empresa/object relation,trusted tables/helpers; not client-presented,server relation binding,none material observed,NO_MATERIAL_EXPANSION_OBSERVED,PRIVILEGED_OPERATION,controlled privileged read/write path; caller direct table authority intentionally insufficient or sensitive,PROVEN_BY_BODY_CONTRACT,DEFINER,authenticated + role/object gates,NONE_OBSERVED,NOT_DETERMINED (owner postgres observed; target owner not auto-accepted),REVIEW_REQUIRED,CONDITIONAL,CONDITIONAL,NONE_OBSERVED,NO,YES,NO,ACCEPTABLE WITH RESIDUAL RISK,lifecycle/caller reachability unresolved,independent AppSec retest; caller/lifecycle adjudication
050,"public.importar_leads_batch(p_lista_id uuid, p_leads jsonb, p_sessao_id text)",YES,DEFINER,postgres,pg_catalog,false,false,true,true,APP,ACTIVE_VERSIONED_APP_CALLER,accepted M2-02 provenance closure + live exact signature/body,ACTIVE_VERSIONED_APP_CALLER,YES,YES,MUTATIVE,auth.uid()/server-derived profile,server-derived empresa/object relation,trusted tables/helpers; not client-presented,server relation binding,none material observed,NO_MATERIAL_EXPANSION_OBSERVED,AUTHENTICATED_COMMAND,controlled privileged read/write path; caller direct table authority intentionally insufficient or sensitive,PROVEN_BY_BODY_CONTRACT,DEFINER,authenticated,NONE_OBSERVED,NOT_DETERMINED (owner postgres observed; target owner not auto-accepted),HARDENED_FORM_OBSERVED; semantic safety still requires review,YES,YES,NONE_OBSERVED,NO,YES,YES,ACCEPTABLE WITH RESIDUAL RISK,runtime effectiveness not proven,independent AppSec retest; runtime/concurrency assurance
052,"public.importar_mesa_cliente_json_admin(p_empresa_id uuid, p_empreendimento_nome text, p_incorporadora text, p_bairro text, p_cidade text, p_nome_arquivo text, p_parser_nome text, p_unidades jsonb)",YES,DEFINER,postgres,public,false,false,true,true,APP,ACTIVE_VERSIONED_APP_CALLER,accepted M2-02 provenance closure + live exact signature/body,ACTIVE_VERSIONED_APP_CALLER,YES,YES,MUTATIVE,auth.uid()/server-derived profile,server-derived empresa/object relation,none/indirect,server relation binding,importar_mesa_cliente_parser_resultado,YES/REVIEW,PRIVILEGED_OPERATION,controlled privileged read/write path; caller direct table authority intentionally insufficient or sensitive,PROVEN_BY_BODY_CONTRACT,DEFINER,authenticated + role/object gates,NONE_OBSERVED,NOT_DETERMINED (owner postgres observed; target owner not auto-accepted),REVIEW_REQUIRED,CONDITIONAL,CONDITIONAL,NONE_OBSERVED,NO,YES,CONDITIONAL,ACCEPTABLE WITH RESIDUAL RISK,runtime effectiveness not proven,independent AppSec retest; runtime/concurrency assurance
053,"public.importar_mesa_cliente_parser_resultado(p_empresa_id uuid, p_empreendimento_nome text, p_incorporadora text, p_bairro text, p_cidade text, p_nome_arquivo text, p_parser_nome text, p_unidades jsonb)",YES,DEFINER,postgres,public,false,false,true,true,APP,ACTIVE_VERSIONED_APP_CALLER,accepted M2-02 provenance closure + live exact signature/body,ACTIVE_VERSIONED_APP_CALLER,YES,YES,MUTATIVE,auth.uid()/server-derived profile,server-derived empresa/object relation,trusted tables/helpers; not client-presented,server relation binding,none material observed,NO_MATERIAL_EXPANSION_OBSERVED,PRIVILEGED_OPERATION,controlled privileged read/write path; caller direct table authority intentionally insufficient or sensitive,PROVEN_BY_BODY_CONTRACT,DEFINER,authenticated + role/object gates,NONE_OBSERVED,NOT_DETERMINED (owner postgres observed; target owner not auto-accepted),REVIEW_REQUIRED,CONDITIONAL,CONDITIONAL,NONE_OBSERVED,NO,YES,CONDITIONAL,ACCEPTABLE WITH RESIDUAL RISK,runtime effectiveness not proven,independent AppSec retest; runtime/concurrency assurance
054,public.is_admin_global(),YES,DEFINER,postgres,public,false,false,true,true,DB_INTERNAL,DB_INTERNAL,accepted M2-02 provenance closure + live exact signature/body,DB_INTERNAL,YES,NO,READ_ONLY,auth.uid()/server-derived profile,server-derived empresa/object relation,trusted tables/helpers; not client-presented,caller-owned/server context,is_root,NO_MATERIAL_EXPANSION_OBSERVED,DB_INTERNAL_HELPER,requires M2-04C/RLS or parent-caller proof before deciding whether caller authority is sufficient,NOT_DETERMINED,NOT_DETERMINED,internal callers only; no direct client EXECUTE,DIRECT_AUTH_EXECUTE_ON_INTERNAL_HELPER,NOT_DETERMINED (owner postgres observed; target owner not auto-accepted),REVIEW_REQUIRED,YES,YES,NONE_OBSERVED,NO,CONDITIONAL,NO,REQUIRED IN THIS TASK,ACL/class mismatch; mode depends on RLS/direct authority proof,M2-04C RLS/direct-DML proof
055,public.is_admin_local(),YES,DEFINER,postgres,public,false,false,true,true,DB_INTERNAL,DB_INTERNAL,accepted M2-02 provenance closure + live exact signature/body,DB_INTERNAL,YES,NO,READ_ONLY,auth.uid()/server-derived profile,server-derived empresa/object relation,trusted tables/helpers; not client-presented,caller-owned/server context,none material observed,NO_MATERIAL_EXPANSION_OBSERVED,DB_INTERNAL_HELPER,requires M2-04C/RLS or parent-caller proof before deciding whether caller authority is sufficient,NOT_DETERMINED,NOT_DETERMINED,internal callers only; no direct client EXECUTE,DIRECT_AUTH_EXECUTE_ON_INTERNAL_HELPER,NOT_DETERMINED (owner postgres observed; target owner not auto-accepted),REVIEW_REQUIRED,YES,YES,NONE_OBSERVED,NO,CONDITIONAL,NO,REQUIRED IN THIS TASK,ACL/class mismatch; mode depends on RLS/direct authority proof,M2-04C RLS/direct-DML proof
056,public.is_gestor(),YES,DEFINER,postgres,public,false,false,true,true,DB_INTERNAL,DB_INTERNAL,accepted M2-02 provenance closure + live exact signature/body,DB_INTERNAL,YES,NO,READ_ONLY,auth.uid()/server-derived profile,server-derived empresa/object relation,trusted tables/helpers; not client-presented,caller-owned/server context,none material observed,NO_MATERIAL_EXPANSION_OBSERVED,DB_INTERNAL_HELPER,requires M2-04C/RLS or parent-caller proof before deciding whether caller authority is sufficient,NOT_DETERMINED,NOT_DETERMINED,internal callers only; no direct client EXECUTE,DIRECT_AUTH_EXECUTE_ON_INTERNAL_HELPER,NOT_DETERMINED (owner postgres observed; target owner not auto-accepted),REVIEW_REQUIRED,YES,YES,NONE_OBSERVED,NO,CONDITIONAL,NO,REQUIRED IN THIS TASK,ACL/class mismatch; mode depends on RLS/direct authority proof,M2-04C RLS/direct-DML proof
057,public.is_root(),YES,DEFINER,postgres,public,false,false,true,true,APP,ACTIVE_VERSIONED_APP_CALLER,accepted M2-02 provenance closure + live exact signature/body,ACTIVE_VERSIONED_APP_CALLER,YES,NO,READ_ONLY,auth.uid()/server-derived profile,server-derived empresa/object relation,trusted tables/helpers; not client-presented,caller-owned/server context,none material observed,NO_MATERIAL_EXPANSION_OBSERVED,AUTHENTICATED_QUERY,requires M2-04C/RLS or parent-caller proof before deciding whether caller authority is sufficient,NOT_DETERMINED,NOT_DETERMINED,authenticated,NONE_OBSERVED,NOT_DETERMINED (owner postgres observed; target owner not auto-accepted),REVIEW_REQUIRED,YES,YES,NONE_OBSERVED,NO,NO / NOT_REQUIRED_FOR_THIS_CLASSIFICATION,NO,REQUIRED IN THIS TASK,mode depends on RLS/direct authority proof,M2-04C RLS/direct-DML proof
058,public.lead_tem_acao_real(p_lead_id uuid),YES,DEFINER,postgres,public,false,false,true,true,DB_INTERNAL,DB_INTERNAL,accepted M2-02 provenance closure + live exact signature/body,DB_INTERNAL,YES,NO,READ_ONLY,auth.uid()/server-derived profile,server-derived empresa/object relation,none/indirect,server relation binding,none material observed,NO_MATERIAL_EXPANSION_OBSERVED,DB_INTERNAL_HELPER,requires M2-04C/RLS or parent-caller proof before deciding whether caller authority is sufficient,NOT_DETERMINED,NOT_DETERMINED,internal callers only; no direct client EXECUTE,DIRECT_AUTH_EXECUTE_ON_INTERNAL_HELPER,NOT_DETERMINED (owner postgres observed; target owner not auto-accepted),REVIEW_REQUIRED,YES,YES,NONE_OBSERVED,NO,CONDITIONAL,NO,REQUIRED IN THIS TASK,ACL/class mismatch; mode depends on RLS/direct authority proof,M2-04C RLS/direct-DML proof
059,public.leads_email_tab(),YES,DEFINER,postgres,public,false,false,true,true,EXT_NO_APP_CALLER,NO_CURRENT_APP_CALLER_PROVEN,accepted M2-02 provenance closure + live exact signature/body,NO_CURRENT_APP_CALLER_PROVEN,YES,NO,READ_ONLY,auth.uid()/server-derived profile,N/A or indirect,none/indirect,caller-owned/server context,none material observed,NO_MATERIAL_EXPANSION_OBSERVED,AUTHENTICATED_QUERY,requires M2-04C/RLS or parent-caller proof before deciding whether caller authority is sufficient,NOT_DETERMINED,NOT_DETERMINED,authenticated,NONE_OBSERVED,NOT_DETERMINED (owner postgres observed; target owner not auto-accepted),REVIEW_REQUIRED,YES,YES,NONE_OBSERVED,NO,NO / NOT_REQUIRED_FOR_THIS_CLASSIFICATION,NO,REQUIRED IN THIS TASK,mode depends on RLS/direct authority proof; lifecycle/caller reachability unresolved,M2-04C RLS/direct-DML proof; caller/lifecycle adjudication
060,public.listar_empresas_root(),YES,DEFINER,postgres,public,false,false,true,true,APP,ACTIVE_VERSIONED_APP_CALLER,accepted M2-02 provenance closure + live exact signature/body,ACTIVE_VERSIONED_APP_CALLER,YES,NO,READ_ONLY,auth.uid()/server-derived profile,server-derived empresa/object relation,trusted tables/helpers; not client-presented,caller-owned/server context,none material observed,NO_MATERIAL_EXPANSION_OBSERVED,PRIVILEGED_OPERATION,controlled privileged read/write path; caller direct table authority intentionally insufficient or sensitive,PROVEN_BY_BODY_CONTRACT,DEFINER,authenticated + role/object gates,NONE_OBSERVED,NOT_DETERMINED (owner postgres observed; target owner not auto-accepted),REVIEW_REQUIRED,CONDITIONAL,CONDITIONAL,NONE_OBSERVED,NO,YES,NO,ACCEPTABLE WITH RESIDUAL RISK,runtime effectiveness not proven,independent AppSec retest
061,public.listar_funil_estagios(),YES,DEFINER,postgres,pg_catalog,false,false,true,true,APP,ACTIVE_VERSIONED_APP_CALLER,accepted M2-02 provenance closure + live exact signature/body,ACTIVE_VERSIONED_APP_CALLER,YES,NO,READ_ONLY,auth.uid()/server-derived profile,server-derived empresa/object relation,trusted tables/helpers; not client-presented,caller-owned/server context,none material observed,NO_MATERIAL_EXPANSION_OBSERVED,AUTHENTICATED_QUERY,requires M2-04C/RLS or parent-caller proof before deciding whether caller authority is sufficient,NOT_DETERMINED,NOT_DETERMINED,authenticated,NONE_OBSERVED,NOT_DETERMINED (owner postgres observed; target owner not auto-accepted),HARDENED_FORM_OBSERVED; semantic safety still requires review,YES,YES,NONE_OBSERVED,NO,NO / NOT_REQUIRED_FOR_THIS_CLASSIFICATION,NO,REQUIRED IN THIS TASK,mode depends on RLS/direct authority proof,M2-04C RLS/direct-DML proof
062,public.listar_listas_corretor(),YES,DEFINER,postgres,public,false,false,true,true,APP,ACTIVE_VERSIONED_APP_CALLER,accepted M2-02 provenance closure + live exact signature/body,ACTIVE_VERSIONED_APP_CALLER,YES,NO,READ_ONLY,auth.uid()/server-derived profile,server-derived empresa/object relation,none/indirect,server relation binding,corretor_tem_acesso_lista,NO_MATERIAL_EXPANSION_OBSERVED,AUTHENTICATED_QUERY,requires M2-04C/RLS or parent-caller proof before deciding whether caller authority is sufficient,NOT_DETERMINED,NOT_DETERMINED,authenticated,NONE_OBSERVED,NOT_DETERMINED (owner postgres observed; target owner not auto-accepted),REVIEW_REQUIRED,YES,YES,NONE_OBSERVED,NO,NO / NOT_REQUIRED_FOR_THIS_CLASSIFICATION,NO,REQUIRED IN THIS TASK,mode depends on RLS/direct authority proof,M2-04C RLS/direct-DML proof
063,public.listar_lotes_pendentes_avaliacao(),YES,DEFINER,postgres,public,false,false,true,true,EXT_NO_APP_CALLER,NO_CURRENT_APP_CALLER_PROVEN,accepted M2-02 provenance closure + live exact signature/body,NO_CURRENT_APP_CALLER_PROVEN,YES,NO,READ_ONLY,auth.uid()/server-derived profile,N/A or indirect,none/indirect,caller-owned/server context,none material observed,NO_MATERIAL_EXPANSION_OBSERVED,AUTHENTICATED_QUERY,requires M2-04C/RLS or parent-caller proof before deciding whether caller authority is sufficient,NOT_DETERMINED,NOT_DETERMINED,authenticated,NONE_OBSERVED,NOT_DETERMINED (owner postgres observed; target owner not auto-accepted),REVIEW_REQUIRED,YES,YES,NONE_OBSERVED,NO,NO / NOT_REQUIRED_FOR_THIS_CLASSIFICATION,NO,REQUIRED IN THIS TASK,mode depends on RLS/direct authority proof; lifecycle/caller reachability unresolved,M2-04C RLS/direct-DML proof; caller/lifecycle adjudication
064,public.listar_membros_visibilidade(),YES,DEFINER,postgres,public,false,false,true,true,APP,ACTIVE_VERSIONED_APP_CALLER,accepted M2-02 provenance closure + live exact signature/body,ACTIVE_VERSIONED_APP_CALLER,YES,NO,READ_ONLY,auth.uid()/server-derived profile,server-derived empresa/object relation,trusted tables/helpers; not client-presented,server relation binding,none material observed,NO_MATERIAL_EXPANSION_OBSERVED,AUTHENTICATED_QUERY,requires M2-04C/RLS or parent-caller proof before deciding whether caller authority is sufficient,NOT_DETERMINED,NOT_DETERMINED,authenticated,NONE_OBSERVED,NOT_DETERMINED (owner postgres observed; target owner not auto-accepted),REVIEW_REQUIRED,YES,YES,NONE_OBSERVED,NO,NO / NOT_REQUIRED_FOR_THIS_CLASSIFICATION,NO,REQUIRED IN THIS TASK,mode depends on RLS/direct authority proof,M2-04C RLS/direct-DML proof
065,"public.lot_intelligence_engine_v1(p_lote_id uuid, p_lista_id uuid, p_corretor_id uuid)",YES,DEFINER,postgres,public,false,false,true,true,EXT_NO_APP_CALLER,NO_CURRENT_APP_CALLER_PROVEN,accepted M2-02 provenance closure + live exact signature/body,NO_CURRENT_APP_CALLER_PROVEN,YES,NO,READ_ONLY,auth.uid()/server-derived profile,server-derived empresa/object relation,trusted tables/helpers; not client-presented,server relation binding,none material observed,NO_MATERIAL_EXPANSION_OBSERVED,PRIVILEGED_OPERATION,controlled privileged read/write path; caller direct table authority intentionally insufficient or sensitive,PROVEN_BY_BODY_CONTRACT,DEFINER,authenticated + role/object gates,NONE_OBSERVED,NOT_DETERMINED (owner postgres observed; target owner not auto-accepted),REVIEW_REQUIRED,CONDITIONAL,CONDITIONAL,NONE_OBSERVED,NO,YES,NO,ACCEPTABLE WITH RESIDUAL RISK,lifecycle/caller reachability unresolved,independent AppSec retest; caller/lifecycle adjudication
066,public.lot_status_health_check(),YES,DEFINER,postgres,public,false,false,true,true,DB_INTERNAL,DB_INTERNAL,accepted M2-02 provenance closure + live exact signature/body,DB_INTERNAL,YES,NO,READ_ONLY,auth.uid()/server-derived profile,server-derived empresa/object relation,trusted tables/helpers; not client-presented,server relation binding,none material observed,NO_MATERIAL_EXPANSION_OBSERVED,DB_INTERNAL_HELPER,requires M2-04C/RLS or parent-caller proof before deciding whether caller authority is sufficient,NOT_DETERMINED,NOT_DETERMINED,internal callers only; no direct client EXECUTE,DIRECT_AUTH_EXECUTE_ON_INTERNAL_HELPER,NOT_DETERMINED (owner postgres observed; target owner not auto-accepted),REVIEW_REQUIRED,YES,YES,NONE_OBSERVED,NO,CONDITIONAL,NO,REQUIRED IN THIS TASK,ACL/class mismatch; mode depends on RLS/direct authority proof,M2-04C RLS/direct-DML proof
067,public.marcar_senha_inicial_definida(),YES,DEFINER,postgres,pg_catalog,false,false,true,false,APP,ACTIVE_VERSIONED_APP_CALLER,accepted M2-02 provenance closure + live exact signature/body,ACTIVE_VERSIONED_APP_CALLER,YES,YES,MUTATIVE,auth.uid()/server-derived profile,N/A or indirect,none/indirect,caller-owned/server context,none material observed,NO_MATERIAL_EXPANSION_OBSERVED,AUTHENTICATED_COMMAND,controlled privileged read/write path; caller direct table authority intentionally insufficient or sensitive,PROVEN_BY_BODY_CONTRACT,DEFINER,authenticated,NONE_OBSERVED,NOT_DETERMINED (owner postgres observed; target owner not auto-accepted),HARDENED_FORM_OBSERVED; semantic safety still requires review,YES,YES,NONE_OBSERVED,NO,CONDITIONAL,CONDITIONAL,ACCEPTABLE WITH RESIDUAL RISK,runtime effectiveness not proven,runtime/concurrency assurance
068,"public.mesa_cliente_aplicar_operacao_financeira_admin(p_operacao_id uuid, p_parametros jsonb)",YES,DEFINER,postgres,"public, pg_temp",false,false,true,true,APP,ACTIVE_VERSIONED_APP_CALLER,accepted M2-02 provenance closure + live exact signature/body,ACTIVE_VERSIONED_APP_CALLER,YES,YES,MUTATIVE,auth.uid()/server-derived profile,server-derived empresa/object relation,trusted tables/helpers; not client-presented,server relation binding,none material observed,NO_MATERIAL_EXPANSION_OBSERVED,PRIVILEGED_OPERATION,controlled privileged read/write path; caller direct table authority intentionally insufficient or sensitive,PROVEN_BY_BODY_CONTRACT,DEFINER,authenticated + role/object gates,NONE_OBSERVED,NOT_DETERMINED (owner postgres observed; target owner not auto-accepted),HARDENED_FORM_OBSERVED; semantic safety still requires review,CONDITIONAL,CONDITIONAL,NONE_OBSERVED,NO,YES,YES,ACCEPTABLE WITH RESIDUAL RISK,runtime effectiveness not proven,independent AppSec retest; runtime/concurrency assurance
069,public.mesa_cliente_assert_auth(),YES,DEFINER,postgres,public,false,true,true,true,DB_INTERNAL,DB_INTERNAL,accepted M2-02 provenance closure + live exact signature/body,DB_INTERNAL,NO,NO,READ_ONLY,auth.uid()/server-derived profile,N/A or indirect,none/indirect,caller-owned/server context,none material observed,NO_MATERIAL_EXPANSION_OBSERVED,DB_INTERNAL_HELPER,none required; caller/internal context sufficient for observed operation,NOT_REQUIRED,INVOKER,internal callers only; no direct client EXECUTE,ANON_EXECUTE_EXCEEDS_TARGET;DIRECT_AUTH_EXECUTE_ON_INTERNAL_HELPER,NOT_DETERMINED (owner postgres observed; target owner not auto-accepted),REVIEW_REQUIRED,CONDITIONAL,CONDITIONAL,NONE_OBSERVED,NO,CONDITIONAL,NO,REQUIRED IN THIS TASK,ACL/class mismatch,bounded runtime assurance as applicable
070,"public.mesa_cliente_assert_empreendimento_empresa(p_empresa_id uuid, p_empreendimento_id uuid)",YES,DEFINER,postgres,public,false,true,true,true,DB_INTERNAL,DB_INTERNAL,accepted M2-02 provenance closure + live exact signature/body,DB_INTERNAL,YES,NO,READ_ONLY,auth.uid()/server-derived profile,server-derived empresa/object relation,none/indirect,server relation binding,none material observed,NO_MATERIAL_EXPANSION_OBSERVED,DB_INTERNAL_HELPER,requires M2-04C/RLS or parent-caller proof before deciding whether caller authority is sufficient,NOT_DETERMINED,NOT_DETERMINED,internal callers only; no direct client EXECUTE,ANON_EXECUTE_EXCEEDS_TARGET;DIRECT_AUTH_EXECUTE_ON_INTERNAL_HELPER,NOT_DETERMINED (owner postgres observed; target owner not auto-accepted),REVIEW_REQUIRED,YES,YES,NONE_OBSERVED,NO,CONDITIONAL,NO,REQUIRED IN THIS TASK,ACL/class mismatch; mode depends on RLS/direct authority proof,M2-04C RLS/direct-DML proof
071,"public.mesa_cliente_atualizar_status_operacao_financeira_admin(p_operacao_id uuid, p_acao text, p_motivo text, p_parametros jsonb)",YES,DEFINER,postgres,"public, pg_temp",false,false,true,true,EXT_NO_APP_CALLER,NO_CURRENT_APP_CALLER_PROVEN,accepted M2-02 provenance closure + live exact signature/body,NO_CURRENT_APP_CALLER_PROVEN,YES,YES,MUTATIVE,auth.uid()/server-derived profile,server-derived empresa/object relation,trusted tables/helpers; not client-presented,server relation binding,none material observed,NO_MATERIAL_EXPANSION_OBSERVED,PRIVILEGED_OPERATION,controlled privileged read/write path; caller direct table authority intentionally insufficient or sensitive,PROVEN_BY_BODY_CONTRACT,DEFINER,authenticated + role/object gates,NONE_OBSERVED,NOT_DETERMINED (owner postgres observed; target owner not auto-accepted),HARDENED_FORM_OBSERVED; semantic safety still requires review,CONDITIONAL,CONDITIONAL,NONE_OBSERVED,NO,YES,YES,ACCEPTABLE WITH RESIDUAL RISK,lifecycle/caller reachability unresolved,independent AppSec retest; runtime/concurrency assurance; caller/lifecycle adjudication
072,public.mesa_cliente_can_access_empresa(p_empresa_id uuid),YES,DEFINER,postgres,public,false,true,true,true,DB_INTERNAL,DB_INTERNAL,accepted M2-02 provenance closure + live exact signature/body,DB_INTERNAL,YES,NO,READ_ONLY,auth.uid()/server-derived profile,server-derived empresa/object relation,trusted tables/helpers; not client-presented,server relation binding,"mesa_cliente_assert_auth,is_root",NO_MATERIAL_EXPANSION_OBSERVED,DB_INTERNAL_HELPER,requires M2-04C/RLS or parent-caller proof before deciding whether caller authority is sufficient,NOT_DETERMINED,NOT_DETERMINED,internal callers only; no direct client EXECUTE,ANON_EXECUTE_EXCEEDS_TARGET;DIRECT_AUTH_EXECUTE_ON_INTERNAL_HELPER,NOT_DETERMINED (owner postgres observed; target owner not auto-accepted),REVIEW_REQUIRED,YES,YES,NONE_OBSERVED,NO,CONDITIONAL,NO,REQUIRED IN THIS TASK,ACL/class mismatch; mode depends on RLS/direct authority proof,M2-04C RLS/direct-DML proof
073,public.mesa_cliente_can_admin_empresa(p_empresa_id uuid),YES,DEFINER,postgres,public,false,true,true,true,DB_INTERNAL,DB_INTERNAL,accepted M2-02 provenance closure + live exact signature/body,DB_INTERNAL,YES,NO,READ_ONLY,auth.uid()/server-derived profile,server-derived empresa/object relation,trusted tables/helpers; not client-presented,server relation binding,"mesa_cliente_assert_auth,is_root",NO_MATERIAL_EXPANSION_OBSERVED,DB_INTERNAL_HELPER,requires M2-04C/RLS or parent-caller proof before deciding whether caller authority is sufficient,NOT_DETERMINED,NOT_DETERMINED,internal callers only; no direct client EXECUTE,ANON_EXECUTE_EXCEEDS_TARGET;DIRECT_AUTH_EXECUTE_ON_INTERNAL_HELPER,NOT_DETERMINED (owner postgres observed; target owner not auto-accepted),REVIEW_REQUIRED,YES,YES,NONE_OBSERVED,NO,CONDITIONAL,NO,REQUIRED IN THIS TASK,ACL/class mismatch; mode depends on RLS/direct authority proof,M2-04C RLS/direct-DML proof
074,public.mesa_cliente_current_corretor_context(),YES,DEFINER,postgres,public,false,true,true,true,DB_INTERNAL,DB_INTERNAL,accepted M2-02 provenance closure + live exact signature/body,DB_INTERNAL,YES,NO,READ_ONLY,auth.uid()/server-derived profile,server-derived empresa/object relation,trusted tables/helpers; not client-presented,caller-owned/server context,none material observed,NO_MATERIAL_EXPANSION_OBSERVED,DB_INTERNAL_HELPER,requires M2-04C/RLS or parent-caller proof before deciding whether caller authority is sufficient,NOT_DETERMINED,NOT_DETERMINED,internal callers only; no direct client EXECUTE,ANON_EXECUTE_EXCEEDS_TARGET;DIRECT_AUTH_EXECUTE_ON_INTERNAL_HELPER,NOT_DETERMINED (owner postgres observed; target owner not auto-accepted),REVIEW_REQUIRED,YES,YES,NONE_OBSERVED,NO,CONDITIONAL,NO,REQUIRED IN THIS TASK,ACL/class mismatch; mode depends on RLS/direct authority proof,M2-04C RLS/direct-DML proof
076,"public.mesa_cliente_gerar_agenda_financeira_admin(p_simulacao_id uuid, p_data_ato date, p_fluxo_json jsonb, p_payload_tabela jsonb)",YES,DEFINER,postgres,public,false,false,true,true,DB_INTERNAL,DB_INTERNAL,accepted M2-02 provenance closure + live exact signature/body,DB_INTERNAL,YES,NO,READ_ONLY,auth.uid()/server-derived profile,server-derived empresa/object relation,none/indirect,server relation binding,mesa_cliente_assert_auth/assert_empreendimento_empresa/can_access_empresa/current_corretor_context/can_admin_empresa/is_root,YES/REVIEW,PRIVILEGED_OPERATION,controlled privileged read/write path; caller direct table authority intentionally insufficient or sensitive,PROVEN_BY_BODY_CONTRACT,DEFINER,authenticated + role/object gates,NONE_OBSERVED,NOT_DETERMINED (owner postgres observed; target owner not auto-accepted),REVIEW_REQUIRED,CONDITIONAL,CONDITIONAL,NONE_OBSERVED,NO,YES,NO,ACCEPTABLE WITH RESIDUAL RISK,runtime effectiveness not proven,independent AppSec retest
077,"public.mesa_cliente_listar_operacoes_financeiras_admin(p_simulacao_id uuid, p_agenda_id uuid, p_filtros jsonb)",YES,DEFINER,postgres,"public, pg_temp",false,false,true,true,APP,ACTIVE_VERSIONED_APP_CALLER,accepted M2-02 provenance closure + live exact signature/body,ACTIVE_VERSIONED_APP_CALLER,YES,NO,READ_ONLY,auth.uid()/server-derived profile,server-derived empresa/object relation,trusted tables/helpers; not client-presented,server relation binding,none material observed,NO_MATERIAL_EXPANSION_OBSERVED,PRIVILEGED_OPERATION,controlled privileged read/write path; caller direct table authority intentionally insufficient or sensitive,PROVEN_BY_BODY_CONTRACT,DEFINER,authenticated + role/object gates,NONE_OBSERVED,NOT_DETERMINED (owner postgres observed; target owner not auto-accepted),HARDENED_FORM_OBSERVED; semantic safety still requires review,CONDITIONAL,CONDITIONAL,NONE_OBSERVED,NO,YES,NO,ACCEPTABLE WITH RESIDUAL RISK,runtime effectiveness not proven,independent AppSec retest
078,"public.mesa_cliente_listar_politicas_financeiras(p_empresa_id uuid, p_empreendimento_id uuid, p_ativas_only boolean, p_limit integer, p_offset integer)",YES,DEFINER,postgres,public,false,true,true,true,EXT_NO_APP_CALLER,NO_CURRENT_APP_CALLER_PROVEN,accepted M2-02 provenance closure + live exact signature/body,NO_CURRENT_APP_CALLER_PROVEN,YES,NO,READ_ONLY,auth.uid()/server-derived profile,server-derived empresa/object relation,none/indirect,server relation binding,none material observed,NO_MATERIAL_EXPANSION_OBSERVED,PRIVILEGED_OPERATION,controlled privileged read/write path; caller direct table authority intentionally insufficient or sensitive,PROVEN_BY_BODY_CONTRACT,DEFINER,authenticated + role/object gates,ANON_EXECUTE_EXCEEDS_TARGET,NOT_DETERMINED (owner postgres observed; target owner not auto-accepted),REVIEW_REQUIRED,CONDITIONAL,CONDITIONAL,NONE_OBSERVED,NO,YES,NO,REQUIRED IN THIS TASK,ACL/class mismatch; lifecycle/caller reachability unresolved,independent AppSec retest; caller/lifecycle adjudication
079,public.mesa_cliente_montar_payload_agenda_canonica(p_simulacao_id uuid),YES,DEFINER,postgres,public,false,false,true,true,EXT_NO_APP_CALLER,NO_CURRENT_APP_CALLER_PROVEN,accepted M2-02 provenance closure + live exact signature/body,NO_CURRENT_APP_CALLER_PROVEN,YES,NO,READ_ONLY,server relation / supplied object,server-derived empresa/object relation,trusted tables/helpers; not client-presented,server relation binding,Mesa auth/tenant/context helpers,YES/REVIEW,PRIVILEGED_OPERATION,controlled privileged read/write path; caller direct table authority intentionally insufficient or sensitive,PROVEN_BY_BODY_CONTRACT,DEFINER,authenticated + role/object gates,NONE_OBSERVED,NOT_DETERMINED (owner postgres observed; target owner not auto-accepted),REVIEW_REQUIRED,CONDITIONAL,CONDITIONAL,NONE_OBSERVED,NO,YES,NO,ACCEPTABLE WITH RESIDUAL RISK,lifecycle/caller reachability unresolved,independent AppSec retest; caller/lifecycle adjudication
080,public.mesa_cliente_obter_agenda_financeira_cliente_safe(p_simulacao_id uuid),YES,DEFINER,postgres,public,false,false,true,true,EXT_NO_APP_CALLER,NO_CURRENT_APP_CALLER_PROVEN,accepted M2-02 provenance closure + live exact signature/body,NO_CURRENT_APP_CALLER_PROVEN,YES,NO,READ_ONLY,auth.uid()/server-derived profile,server-derived empresa/object relation,trusted tables/helpers; not client-presented,server relation binding,none material observed,NO_MATERIAL_EXPANSION_OBSERVED,AUTHENTICATED_QUERY,controlled privileged read/write path; caller direct table authority intentionally insufficient or sensitive,PROVEN_BY_BODY_CONTRACT,DEFINER,authenticated,NONE_OBSERVED,NOT_DETERMINED (owner postgres observed; target owner not auto-accepted),REVIEW_REQUIRED,YES,YES,NONE_OBSERVED,NO,NO / NOT_REQUIRED_FOR_THIS_CLASSIFICATION,NO,ACCEPTABLE WITH RESIDUAL RISK,lifecycle/caller reachability unresolved,caller/lifecycle adjudication
081,"public.mesa_cliente_obter_operacao_financeira_admin(p_operacao_id uuid, p_parametros jsonb)",YES,DEFINER,postgres,"public, pg_temp",false,false,true,true,APP,ACTIVE_VERSIONED_APP_CALLER,accepted M2-02 provenance closure + live exact signature/body,ACTIVE_VERSIONED_APP_CALLER,YES,NO,READ_ONLY,auth.uid()/server-derived profile,server-derived empresa/object relation,trusted tables/helpers; not client-presented,server relation binding,none material observed,NO_MATERIAL_EXPANSION_OBSERVED,PRIVILEGED_OPERATION,controlled privileged read/write path; caller direct table authority intentionally insufficient or sensitive,PROVEN_BY_BODY_CONTRACT,DEFINER,authenticated + role/object gates,NONE_OBSERVED,NOT_DETERMINED (owner postgres observed; target owner not auto-accepted),HARDENED_FORM_OBSERVED; semantic safety still requires review,CONDITIONAL,CONDITIONAL,NONE_OBSERVED,NO,YES,NO,ACCEPTABLE WITH RESIDUAL RISK,runtime effectiveness not proven,independent AppSec retest
082,"public.mesa_cliente_obter_politica_financeira(p_politica_id uuid, p_empresa_id uuid)",YES,DEFINER,postgres,public,false,true,true,true,DB_INTERNAL,DB_INTERNAL,accepted M2-02 provenance closure + live exact signature/body,DB_INTERNAL,YES,NO,READ_ONLY,auth.uid()/server-derived profile,N/A or indirect,trusted tables/helpers; not client-presented,server relation binding,"mesa_cliente_assert_auth,mesa_cliente_can_admin_empresa",NO_MATERIAL_EXPANSION_OBSERVED,PRIVILEGED_OPERATION,controlled privileged read/write path; caller direct table authority intentionally insufficient or sensitive,PROVEN_BY_BODY_CONTRACT,DEFINER,authenticated + role/object gates,ANON_EXECUTE_EXCEEDS_TARGET,NOT_DETERMINED (owner postgres observed; target owner not auto-accepted),REVIEW_REQUIRED,CONDITIONAL,CONDITIONAL,NONE_OBSERVED,NO,YES,NO,REQUIRED IN THIS TASK,ACL/class mismatch,independent AppSec retest
083,"public.mesa_cliente_obter_resumo_operacao_cliente_safe(p_operacao_id uuid, p_parametros jsonb)",YES,DEFINER,postgres,"public, pg_temp",false,false,true,true,APP,ACTIVE_VERSIONED_APP_CALLER,accepted M2-02 provenance closure + live exact signature/body,ACTIVE_VERSIONED_APP_CALLER,YES,NO,READ_ONLY,auth.uid()/server-derived profile,server-derived empresa/object relation,none/indirect,server relation binding,none material observed,NO_MATERIAL_EXPANSION_OBSERVED,AUTHENTICATED_QUERY,controlled privileged read/write path; caller direct table authority intentionally insufficient or sensitive,PROVEN_BY_BODY_CONTRACT,DEFINER,authenticated,NONE_OBSERVED,NOT_DETERMINED (owner postgres observed; target owner not auto-accepted),HARDENED_FORM_OBSERVED; semantic safety still requires review,YES,YES,NONE_OBSERVED,NO,NO / NOT_REQUIRED_FOR_THIS_CLASSIFICATION,NO,ACCEPTABLE WITH RESIDUAL RISK,runtime effectiveness not proven,bounded runtime assurance as applicable
084,"public.mesa_cliente_obter_simulacao_fluxo_historico(p_simulacao_id uuid, p_parametros jsonb)",YES,DEFINER,postgres,public,false,false,true,true,APP,ACTIVE_VERSIONED_APP_CALLER,accepted M2-02 provenance closure + live exact signature/body,ACTIVE_VERSIONED_APP_CALLER,YES,NO,READ_ONLY,auth.uid()/server-derived profile,server-derived empresa/object relation,none/indirect,server relation binding,none material observed,NO_MATERIAL_EXPANSION_OBSERVED,AUTHENTICATED_QUERY,controlled privileged read/write path; caller direct table authority intentionally insufficient or sensitive,PROVEN_BY_BODY_CONTRACT,DEFINER,authenticated,NONE_OBSERVED,NOT_DETERMINED (owner postgres observed; target owner not auto-accepted),REVIEW_REQUIRED,YES,YES,NONE_OBSERVED,NO,NO / NOT_REQUIRED_FOR_THIS_CLASSIFICATION,NO,ACCEPTABLE WITH RESIDUAL RISK,runtime effectiveness not proven,bounded runtime assurance as applicable
085,"public.mesa_cliente_persistir_agenda_financeira_admin(p_simulacao_id uuid, p_data_ato date, p_fluxo_json jsonb, p_payload_tabela jsonb)",YES,DEFINER,postgres,public,false,false,true,true,EXT_NO_APP_CALLER,NO_CURRENT_APP_CALLER_PROVEN,accepted M2-02 provenance closure + live exact signature/body,NO_CURRENT_APP_CALLER_PROVEN,YES,YES,MUTATIVE,auth.uid()/server-derived profile,N/A or indirect,none/indirect,server relation binding,mesa_cliente_gerar_agenda_financeira_admin,YES/REVIEW,PRIVILEGED_OPERATION,controlled privileged read/write path; caller direct table authority intentionally insufficient or sensitive,PROVEN_BY_BODY_CONTRACT,DEFINER,authenticated + role/object gates,NONE_OBSERVED,NOT_DETERMINED (owner postgres observed; target owner not auto-accepted),REVIEW_REQUIRED,CONDITIONAL,CONDITIONAL,NONE_OBSERVED,NO,YES,YES,ACCEPTABLE WITH RESIDUAL RISK,lifecycle/caller reachability unresolved,independent AppSec retest; runtime/concurrency assurance; caller/lifecycle adjudication
086,"public.mesa_cliente_registrar_operacao_financeira_admin(p_simulacao_id uuid, p_agenda_id uuid, p_tipo_operacao text, p_parcela_id uuid, p_data_referencia date, p_data_destino date, p_valor_operacao numeric, p_parametros jsonb)",YES,DEFINER,postgres,"public, pg_temp",false,false,true,true,EXT_NO_APP_CALLER,NO_CURRENT_APP_CALLER_PROVEN,accepted M2-02 provenance closure + live exact signature/body,NO_CURRENT_APP_CALLER_PROVEN,YES,YES,MUTATIVE,auth.uid()/server-derived profile,server-derived empresa/object relation,none/indirect,server relation binding,none material observed,NO_MATERIAL_EXPANSION_OBSERVED,PRIVILEGED_OPERATION,controlled privileged read/write path; caller direct table authority intentionally insufficient or sensitive,PROVEN_BY_BODY_CONTRACT,DEFINER,authenticated + role/object gates,NONE_OBSERVED,NOT_DETERMINED (owner postgres observed; target owner not auto-accepted),HARDENED_FORM_OBSERVED; semantic safety still requires review,CONDITIONAL,CONDITIONAL,NONE_OBSERVED,NO,YES,YES,ACCEPTABLE WITH RESIDUAL RISK,lifecycle/caller reachability unresolved,independent AppSec retest; runtime/concurrency assurance; caller/lifecycle adjudication
087,"public.mesa_cliente_resumir_operacao_financeira_admin(p_operacao_id uuid, p_parametros jsonb)",YES,DEFINER,postgres,"public, pg_temp",false,false,true,true,APP,ACTIVE_VERSIONED_APP_CALLER,accepted M2-02 provenance closure + live exact signature/body,ACTIVE_VERSIONED_APP_CALLER,YES,NO,READ_ONLY,auth.uid()/server-derived profile,server-derived empresa/object relation,trusted tables/helpers; not client-presented,server relation binding,none material observed,NO_MATERIAL_EXPANSION_OBSERVED,PRIVILEGED_OPERATION,controlled privileged read/write path; caller direct table authority intentionally insufficient or sensitive,PROVEN_BY_BODY_CONTRACT,DEFINER,authenticated + role/object gates,NONE_OBSERVED,NOT_DETERMINED (owner postgres observed; target owner not auto-accepted),HARDENED_FORM_OBSERVED; semantic safety still requires review,CONDITIONAL,CONDITIONAL,NONE_OBSERVED,NO,YES,NO,ACCEPTABLE WITH RESIDUAL RISK,runtime effectiveness not proven,independent AppSec retest
088,"public.mesa_cliente_simular_impacto_agenda_persistida_admin(p_simulacao_id uuid, p_data_referencia date, p_modo text, p_parametros jsonb)",YES,DEFINER,postgres,"public, pg_temp",false,false,true,true,EXT_NO_APP_CALLER,NO_CURRENT_APP_CALLER_PROVEN,accepted M2-02 provenance closure + live exact signature/body,NO_CURRENT_APP_CALLER_PROVEN,YES,NO,READ_ONLY,auth.uid()/server-derived profile,server-derived empresa/object relation,trusted tables/helpers; not client-presented,server relation binding,none material observed,NO_MATERIAL_EXPANSION_OBSERVED,PRIVILEGED_OPERATION,controlled privileged read/write path; caller direct table authority intentionally insufficient or sensitive,PROVEN_BY_BODY_CONTRACT,DEFINER,authenticated + role/object gates,NONE_OBSERVED,NOT_DETERMINED (owner postgres observed; target owner not auto-accepted),HARDENED_FORM_OBSERVED; semantic safety still requires review,CONDITIONAL,CONDITIONAL,NONE_OBSERVED,NO,YES,NO,ACCEPTABLE WITH RESIDUAL RISK,lifecycle/caller reachability unresolved,independent AppSec retest; caller/lifecycle adjudication
089,"public.mesa_cliente_simular_impacto_financeiro_admin(p_empresa_id uuid, p_empreendimento_id uuid, p_data_ato date, p_operacoes jsonb, p_politica_id uuid)",YES,DEFINER,postgres,public,false,false,true,true,EXT_NO_APP_CALLER,NO_CURRENT_APP_CALLER_PROVEN,accepted M2-02 provenance closure + live exact signature/body,NO_CURRENT_APP_CALLER_PROVEN,YES,NO,READ_ONLY,server relation / supplied object,server-derived empresa/object relation,none/indirect,server relation binding,Mesa financeiro calculation helpers,YES/REVIEW,PRIVILEGED_OPERATION,controlled privileged read/write path; caller direct table authority intentionally insufficient or sensitive,PROVEN_BY_BODY_CONTRACT,DEFINER,authenticated + role/object gates,NONE_OBSERVED,NOT_DETERMINED (owner postgres observed; target owner not auto-accepted),REVIEW_REQUIRED,CONDITIONAL,CONDITIONAL,NONE_OBSERVED,NO,YES,NO,ACCEPTABLE WITH RESIDUAL RISK,lifecycle/caller reachability unresolved,independent AppSec retest; caller/lifecycle adjudication
092,public.meu_funil(),YES,DEFINER,postgres,public,false,false,true,true,APP,ACTIVE_VERSIONED_APP_CALLER,accepted M2-02 provenance closure + live exact signature/body,ACTIVE_VERSIONED_APP_CALLER,YES,NO,READ_ONLY,auth.uid()/server-derived profile,N/A or indirect,none/indirect,caller-owned/server context,none material observed,NO_MATERIAL_EXPANSION_OBSERVED,AUTHENTICATED_QUERY,requires M2-04C/RLS or parent-caller proof before deciding whether caller authority is sufficient,NOT_DETERMINED,NOT_DETERMINED,authenticated,NONE_OBSERVED,NOT_DETERMINED (owner postgres observed; target owner not auto-accepted),REVIEW_REQUIRED,YES,YES,NONE_OBSERVED,NO,NO / NOT_REQUIRED_FOR_THIS_CLASSIFICATION,NO,REQUIRED IN THIS TASK,mode depends on RLS/direct authority proof,M2-04C RLS/direct-DML proof
093,"public.meu_historico(p_limit integer, p_offset integer)",YES,DEFINER,postgres,public,false,false,true,true,EXT_NO_APP_CALLER,NO_CURRENT_APP_CALLER_PROVEN,accepted M2-02 provenance closure + live exact signature/body,NO_CURRENT_APP_CALLER_PROVEN,YES,NO,READ_ONLY,auth.uid()/server-derived profile,N/A or indirect,none/indirect,caller-owned/server context,none material observed,NO_MATERIAL_EXPANSION_OBSERVED,AUTHENTICATED_QUERY,requires M2-04C/RLS or parent-caller proof before deciding whether caller authority is sufficient,NOT_DETERMINED,NOT_DETERMINED,authenticated,NONE_OBSERVED,NOT_DETERMINED (owner postgres observed; target owner not auto-accepted),REVIEW_REQUIRED,YES,YES,NONE_OBSERVED,NO,NO / NOT_REQUIRED_FOR_THIS_CLASSIFICATION,NO,REQUIRED IN THIS TASK,mode depends on RLS/direct authority proof; lifecycle/caller reachability unresolved,M2-04C RLS/direct-DML proof; caller/lifecycle adjudication
094,public.meus_leads_email(),YES,DEFINER,postgres,public,false,false,true,true,APP,ACTIVE_VERSIONED_APP_CALLER,accepted M2-02 provenance closure + live exact signature/body,ACTIVE_VERSIONED_APP_CALLER,YES,NO,READ_ONLY,auth.uid()/server-derived profile,N/A or indirect,none/indirect,caller-owned/server context,none material observed,NO_MATERIAL_EXPANSION_OBSERVED,AUTHENTICATED_QUERY,requires M2-04C/RLS or parent-caller proof before deciding whether caller authority is sufficient,NOT_DETERMINED,NOT_DETERMINED,authenticated,NONE_OBSERVED,NOT_DETERMINED (owner postgres observed; target owner not auto-accepted),REVIEW_REQUIRED,YES,YES,NONE_OBSERVED,NO,NO / NOT_REQUIRED_FOR_THIS_CLASSIFICATION,NO,REQUIRED IN THIS TASK,mode depends on RLS/direct authority proof,M2-04C RLS/direct-DML proof
095,public.meus_lembretes(),YES,DEFINER,postgres,public,false,false,true,true,EXT_NO_APP_CALLER,NO_CURRENT_APP_CALLER_PROVEN,accepted M2-02 provenance closure + live exact signature/body,NO_CURRENT_APP_CALLER_PROVEN,YES,NO,READ_ONLY,auth.uid()/server-derived profile,N/A or indirect,none/indirect,caller-owned/server context,none material observed,NO_MATERIAL_EXPANSION_OBSERVED,AUTHENTICATED_QUERY,requires M2-04C/RLS or parent-caller proof before deciding whether caller authority is sufficient,NOT_DETERMINED,NOT_DETERMINED,authenticated,NONE_OBSERVED,NOT_DETERMINED (owner postgres observed; target owner not auto-accepted),REVIEW_REQUIRED,YES,YES,NONE_OBSERVED,NO,NO / NOT_REQUIRED_FOR_THIS_CLASSIFICATION,NO,REQUIRED IN THIS TASK,mode depends on RLS/direct authority proof; lifecycle/caller reachability unresolved,M2-04C RLS/direct-DML proof; caller/lifecycle adjudication
096,public.minha_carteira(),YES,DEFINER,postgres,public,false,false,true,true,APP,ACTIVE_VERSIONED_APP_CALLER,accepted M2-02 provenance closure + live exact signature/body,ACTIVE_VERSIONED_APP_CALLER,YES,NO,READ_ONLY,auth.uid()/server-derived profile,N/A or indirect,none/indirect,caller-owned/server context,none material observed,NO_MATERIAL_EXPANSION_OBSERVED,AUTHENTICATED_QUERY,requires M2-04C/RLS or parent-caller proof before deciding whether caller authority is sufficient,NOT_DETERMINED,NOT_DETERMINED,authenticated,NONE_OBSERVED,NOT_DETERMINED (owner postgres observed; target owner not auto-accepted),REVIEW_REQUIRED,YES,YES,NONE_OBSERVED,NO,NO / NOT_REQUIRED_FOR_THIS_CLASSIFICATION,NO,REQUIRED IN THIS TASK,mode depends on RLS/direct authority proof,M2-04C RLS/direct-DML proof
097,public.minha_producao(),YES,DEFINER,postgres,public,false,false,true,true,APP,ACTIVE_VERSIONED_APP_CALLER,accepted M2-02 provenance closure + live exact signature/body,ACTIVE_VERSIONED_APP_CALLER,YES,NO,READ_ONLY,auth.uid()/server-derived profile,N/A or indirect,none/indirect,caller-owned/server context,none material observed,NO_MATERIAL_EXPANSION_OBSERVED,AUTHENTICATED_QUERY,requires M2-04C/RLS or parent-caller proof before deciding whether caller authority is sufficient,NOT_DETERMINED,NOT_DETERMINED,authenticated,NONE_OBSERVED,NOT_DETERMINED (owner postgres observed; target owner not auto-accepted),REVIEW_REQUIRED,YES,YES,NONE_OBSERVED,NO,NO / NOT_REQUIRED_FOR_THIS_CLASSIFICATION,NO,REQUIRED IN THIS TASK,mode depends on RLS/direct authority proof,M2-04C RLS/direct-DML proof
098,"public.mover_funil(p_lead_id uuid, p_estagio_id uuid, p_observacao text)",YES,DEFINER,postgres,"pg_catalog, public",false,false,true,true,APP,ACTIVE_VERSIONED_APP_CALLER,accepted M2-02 provenance closure + live exact signature/body,ACTIVE_VERSIONED_APP_CALLER,YES,YES,MUTATIVE,auth.uid()/server-derived profile,server-derived empresa/object relation,trusted tables/helpers; not client-presented,server relation binding,"is_gestor,is_admin_local,is_root",YES/REVIEW,AUTHENTICATED_COMMAND,controlled privileged read/write path; caller direct table authority intentionally insufficient or sensitive,PROVEN_BY_BODY_CONTRACT,DEFINER,authenticated,NONE_OBSERVED,NOT_DETERMINED (owner postgres observed; target owner not auto-accepted),HARDENED_FORM_OBSERVED; semantic safety still requires review,YES,YES,NONE_OBSERVED,NO,CONDITIONAL,YES,ACCEPTABLE WITH RESIDUAL RISK,runtime effectiveness not proven,runtime/concurrency assurance
100,"public.mover_funil_lote(p_lead_ids uuid[], p_estagio_id uuid, p_observacao text)",YES,DEFINER,postgres,public,false,false,true,true,APP,ACTIVE_VERSIONED_APP_CALLER,accepted M2-02 provenance closure + live exact signature/body,ACTIVE_VERSIONED_APP_CALLER,YES,YES,MUTATIVE,auth.uid()/server-derived profile,server-derived empresa/object relation,trusted tables/helpers; not client-presented,server relation binding,none material observed,NO_MATERIAL_EXPANSION_OBSERVED,AUTHENTICATED_COMMAND,controlled privileged read/write path; caller direct table authority intentionally insufficient or sensitive,PROVEN_BY_BODY_CONTRACT,DEFINER,authenticated,NONE_OBSERVED,NOT_DETERMINED (owner postgres observed; target owner not auto-accepted),REVIEW_REQUIRED,YES,YES,NONE_OBSERVED,NO,CONDITIONAL,YES,ACCEPTABLE WITH RESIDUAL RISK,runtime effectiveness not proven,runtime/concurrency assurance
101,public.my_corretor_id(),YES,DEFINER,postgres,public,false,false,true,true,DB_INTERNAL,DB_INTERNAL,accepted M2-02 provenance closure + live exact signature/body,DB_INTERNAL,YES,NO,READ_ONLY,auth.uid()/server-derived profile,N/A or indirect,none/indirect,caller-owned/server context,none material observed,NO_MATERIAL_EXPANSION_OBSERVED,DB_INTERNAL_HELPER,requires M2-04C/RLS or parent-caller proof before deciding whether caller authority is sufficient,NOT_DETERMINED,NOT_DETERMINED,internal callers only; no direct client EXECUTE,DIRECT_AUTH_EXECUTE_ON_INTERNAL_HELPER,NOT_DETERMINED (owner postgres observed; target owner not auto-accepted),REVIEW_REQUIRED,YES,YES,NONE_OBSERVED,NO,CONDITIONAL,NO,REQUIRED IN THIS TASK,ACL/class mismatch; mode depends on RLS/direct authority proof,M2-04C RLS/direct-DML proof
102,public.my_empresa_id(),YES,DEFINER,postgres,public,false,false,true,true,DB_INTERNAL,DB_INTERNAL,accepted M2-02 provenance closure + live exact signature/body,DB_INTERNAL,YES,NO,READ_ONLY,auth.uid()/server-derived profile,N/A or indirect,none/indirect,caller-owned/server context,none material observed,NO_MATERIAL_EXPANSION_OBSERVED,DB_INTERNAL_HELPER,requires M2-04C/RLS or parent-caller proof before deciding whether caller authority is sufficient,NOT_DETERMINED,NOT_DETERMINED,internal callers only; no direct client EXECUTE,DIRECT_AUTH_EXECUTE_ON_INTERNAL_HELPER,NOT_DETERMINED (owner postgres observed; target owner not auto-accepted),REVIEW_REQUIRED,YES,YES,NONE_OBSERVED,NO,CONDITIONAL,NO,REQUIRED IN THIS TASK,ACL/class mismatch; mode depends on RLS/direct authority proof,M2-04C RLS/direct-DML proof
103,public.my_time_id(),YES,DEFINER,postgres,public,false,false,true,true,INTERNAL_HELPER,INTERNAL_HELPER,accepted M2-02 provenance closure + live exact signature/body,INTERNAL_HELPER,YES,NO,READ_ONLY,auth.uid()/server-derived profile,N/A or indirect,none/indirect,caller-owned/server context,none material observed,NO_MATERIAL_EXPANSION_OBSERVED,DB_INTERNAL_HELPER,requires M2-04C/RLS or parent-caller proof before deciding whether caller authority is sufficient,NOT_DETERMINED,NOT_DETERMINED,internal callers only; no direct client EXECUTE,DIRECT_AUTH_EXECUTE_ON_INTERNAL_HELPER,NOT_DETERMINED (owner postgres observed; target owner not auto-accepted),REVIEW_REQUIRED,YES,YES,NONE_OBSERVED,NO,CONDITIONAL,NO,REQUIRED IN THIS TASK,ACL/class mismatch; mode depends on RLS/direct authority proof,M2-04C RLS/direct-DML proof
104,public.my_times_como_gestor(),YES,DEFINER,postgres,public,false,false,true,true,DB_INTERNAL,DB_INTERNAL,accepted M2-02 provenance closure + live exact signature/body,DB_INTERNAL,YES,NO,READ_ONLY,auth.uid()/server-derived profile,server-derived empresa/object relation,trusted tables/helpers; not client-presented,server relation binding,"my_corretor_id,my_empresa_id",YES/REVIEW,DB_INTERNAL_HELPER,requires M2-04C/RLS or parent-caller proof before deciding whether caller authority is sufficient,NOT_DETERMINED,NOT_DETERMINED,internal callers only; no direct client EXECUTE,DIRECT_AUTH_EXECUTE_ON_INTERNAL_HELPER,NOT_DETERMINED (owner postgres observed; target owner not auto-accepted),REVIEW_REQUIRED,YES,YES,NONE_OBSERVED,NO,CONDITIONAL,NO,REQUIRED IN THIS TASK,ACL/class mismatch; mode depends on RLS/direct authority proof,M2-04C RLS/direct-DML proof
105,public.operations_health_engine_v1(),YES,DEFINER,postgres,public,false,false,true,true,DB_INTERNAL,DB_INTERNAL,accepted M2-02 provenance closure + live exact signature/body,DB_INTERNAL,YES,NO,READ_ONLY,auth.uid()/server-derived profile,server-derived empresa/object relation,trusted tables/helpers; not client-presented,server relation binding,none material observed,NO_MATERIAL_EXPANSION_OBSERVED,PRIVILEGED_OPERATION,controlled privileged read/write path; caller direct table authority intentionally insufficient or sensitive,PROVEN_BY_BODY_CONTRACT,DEFINER,authenticated + role/object gates,NONE_OBSERVED,NOT_DETERMINED (owner postgres observed; target owner not auto-accepted),REVIEW_REQUIRED,CONDITIONAL,CONDITIONAL,NONE_OBSERVED,NO,YES,NO,ACCEPTABLE WITH RESIDUAL RISK,runtime effectiveness not proven,independent AppSec retest
106,public.platform_health_center_v1(),YES,DEFINER,postgres,public,false,false,true,true,EXT_NO_APP_CALLER,NO_CURRENT_APP_CALLER_PROVEN,accepted M2-02 provenance closure + live exact signature/body,NO_CURRENT_APP_CALLER_PROVEN,YES,NO,READ_ONLY,server relation / supplied object,N/A or indirect,none/indirect,caller-owned/server context,"operations_health_engine_v1,lot_status_health_check",YES/REVIEW,PRIVILEGED_OPERATION,controlled privileged read/write path; caller direct table authority intentionally insufficient or sensitive,PROVEN_BY_BODY_CONTRACT,DEFINER,authenticated + role/object gates,NONE_OBSERVED,NOT_DETERMINED (owner postgres observed; target owner not auto-accepted),REVIEW_REQUIRED,CONDITIONAL,CONDITIONAL,NONE_OBSERVED,NO,YES,NO,ACCEPTABLE WITH RESIDUAL RISK,lifecycle/caller reachability unresolved,independent AppSec retest; caller/lifecycle adjudication
107,public.pme_can_access_empresa(p_empresa_id uuid),YES,DEFINER,postgres,"public, pg_temp",false,false,true,true,INTERNAL_HELPER,INTERNAL_HELPER,accepted M2-02 provenance closure + live exact signature/body,INTERNAL_HELPER,YES,NO,READ_ONLY,auth.uid()/server-derived profile,server-derived empresa/object relation,trusted tables/helpers; not client-presented,server relation binding,"is_root,my_empresa_id",YES/REVIEW,DB_INTERNAL_HELPER,requires M2-04C/RLS or parent-caller proof before deciding whether caller authority is sufficient,NOT_DETERMINED,NOT_DETERMINED,internal callers only; no direct client EXECUTE,DIRECT_AUTH_EXECUTE_ON_INTERNAL_HELPER,NOT_DETERMINED (owner postgres observed; target owner not auto-accepted),HARDENED_FORM_OBSERVED; semantic safety still requires review,YES,YES,NONE_OBSERVED,NO,CONDITIONAL,NO,REQUIRED IN THIS TASK,ACL/class mismatch; mode depends on RLS/direct authority proof,M2-04C RLS/direct-DML proof
108,public.pme_can_consume_empresa(p_empresa_id uuid),YES,DEFINER,postgres,"public, pg_temp",false,false,true,true,DB_INTERNAL,DB_INTERNAL,accepted M2-02 provenance closure + live exact signature/body,DB_INTERNAL,YES,NO,READ_ONLY,auth.uid()/server-derived profile,server-derived empresa/object relation,trusted tables/helpers; not client-presented,server relation binding,none material observed,NO_MATERIAL_EXPANSION_OBSERVED,DB_INTERNAL_HELPER,requires M2-04C/RLS or parent-caller proof before deciding whether caller authority is sufficient,NOT_DETERMINED,NOT_DETERMINED,internal callers only; no direct client EXECUTE,DIRECT_AUTH_EXECUTE_ON_INTERNAL_HELPER,NOT_DETERMINED (owner postgres observed; target owner not auto-accepted),HARDENED_FORM_OBSERVED; semantic safety still requires review,YES,YES,NONE_OBSERVED,NO,CONDITIONAL,NO,REQUIRED IN THIS TASK,ACL/class mismatch; mode depends on RLS/direct authority proof,M2-04C RLS/direct-DML proof
109,public.pme_is_empresa_admin(p_empresa_id uuid),YES,DEFINER,postgres,"public, pg_temp",false,false,true,true,INTERNAL_HELPER,INTERNAL_HELPER,accepted M2-02 provenance closure + live exact signature/body,INTERNAL_HELPER,YES,NO,READ_ONLY,auth.uid()/server-derived profile,server-derived empresa/object relation,trusted tables/helpers; not client-presented,server relation binding,none material observed,NO_MATERIAL_EXPANSION_OBSERVED,DB_INTERNAL_HELPER,requires M2-04C/RLS or parent-caller proof before deciding whether caller authority is sufficient,NOT_DETERMINED,NOT_DETERMINED,internal callers only; no direct client EXECUTE,DIRECT_AUTH_EXECUTE_ON_INTERNAL_HELPER,NOT_DETERMINED (owner postgres observed; target owner not auto-accepted),HARDENED_FORM_OBSERVED; semantic safety still requires review,YES,YES,NONE_OBSERVED,NO,CONDITIONAL,NO,REQUIRED IN THIS TASK,ACL/class mismatch; mode depends on RLS/direct authority proof,M2-04C RLS/direct-DML proof
110,"public.pme_registrar_message_usage(p_lead_id uuid, p_payload jsonb)",YES,DEFINER,postgres,"public, pg_temp",false,false,true,true,EXT_NO_APP_CALLER,NO_CURRENT_APP_CALLER_PROVEN,accepted M2-02 provenance closure + live exact signature/body,NO_CURRENT_APP_CALLER_PROVEN,YES,YES,MUTATIVE,auth.uid()/server-derived profile,server-derived empresa/object relation,trusted tables/helpers; not client-presented,server relation binding,none material observed,NO_MATERIAL_EXPANSION_OBSERVED,AUTHENTICATED_COMMAND,controlled privileged read/write path; caller direct table authority intentionally insufficient or sensitive,PROVEN_BY_BODY_CONTRACT,DEFINER,authenticated,NONE_OBSERVED,NOT_DETERMINED (owner postgres observed; target owner not auto-accepted),HARDENED_FORM_OBSERVED; semantic safety still requires review,YES,YES,NONE_OBSERVED,NO,YES,YES,ACCEPTABLE WITH RESIDUAL RISK,lifecycle/caller reachability unresolved,independent AppSec retest; runtime/concurrency assurance; caller/lifecycle adjudication
112,public.proximo_lead(),YES,DEFINER,postgres,public,false,false,true,true,APP,ACTIVE_VERSIONED_APP_CALLER,accepted M2-02 provenance closure + live exact signature/body,ACTIVE_VERSIONED_APP_CALLER,YES,YES,MUTATIVE,auth.uid()/server-derived profile,server-derived empresa/object relation,trusted tables/helpers; not client-presented,server relation binding,none material observed,NO_MATERIAL_EXPANSION_OBSERVED,AUTHENTICATED_COMMAND,controlled privileged read/write path; caller direct table authority intentionally insufficient or sensitive,PROVEN_BY_BODY_CONTRACT,DEFINER,authenticated,NONE_OBSERVED,NOT_DETERMINED (owner postgres observed; target owner not auto-accepted),REVIEW_REQUIRED,YES,YES,NONE_OBSERVED,NO,CONDITIONAL,YES,ACCEPTABLE WITH RESIDUAL RISK,runtime effectiveness not proven,runtime/concurrency assurance
115,"public.registrar_feedback(p_lead_id uuid, p_feedback text, p_observacao text)",YES,DEFINER,postgres,pg_catalog,false,false,true,true,APP,ACTIVE_VERSIONED_APP_CALLER,accepted M2-02 provenance closure + live exact signature/body,ACTIVE_VERSIONED_APP_CALLER,YES,YES,MUTATIVE,auth.uid()/server-derived profile,server-derived empresa/object relation,trusted tables/helpers; not client-presented,server relation binding,none material observed,NO_MATERIAL_EXPANSION_OBSERVED,AUTHENTICATED_COMMAND,controlled privileged read/write path; caller direct table authority intentionally insufficient or sensitive,PROVEN_BY_BODY_CONTRACT,DEFINER,authenticated,NONE_OBSERVED,NOT_DETERMINED (owner postgres observed; target owner not auto-accepted),HARDENED_FORM_OBSERVED; semantic safety still requires review,YES,YES,NONE_OBSERVED,NO,CONDITIONAL,YES,ACCEPTABLE WITH RESIDUAL RISK,runtime effectiveness not proven,runtime/concurrency assurance
116,"public.registrar_mensagem(p_lead_id uuid, p_canal text, p_seq integer)",YES,DEFINER,postgres,public,false,false,true,true,APP,ACTIVE_VERSIONED_APP_CALLER,accepted M2-02 provenance closure + live exact signature/body,ACTIVE_VERSIONED_APP_CALLER,YES,YES,MUTATIVE,auth.uid()/server-derived profile,server-derived empresa/object relation,none/indirect,server relation binding,none material observed,NO_MATERIAL_EXPANSION_OBSERVED,AUTHENTICATED_COMMAND,controlled privileged read/write path; caller direct table authority intentionally insufficient or sensitive,PROVEN_BY_BODY_CONTRACT,DEFINER,authenticated,NONE_OBSERVED,NOT_DETERMINED (owner postgres observed; target owner not auto-accepted),REVIEW_REQUIRED,YES,YES,NONE_OBSERVED,NO,CONDITIONAL,CONDITIONAL,ACCEPTABLE WITH RESIDUAL RISK,runtime effectiveness not proven,runtime/concurrency assurance
117,"public.registrar_root_audit(p_action text, p_target_empresa_id uuid, p_payload jsonb)",YES,DEFINER,postgres,public,false,false,true,true,DB_INTERNAL,DB_INTERNAL,accepted M2-02 provenance closure + live exact signature/body,DB_INTERNAL,YES,YES,MUTATIVE,auth.uid()/server-derived profile,server-derived empresa/object relation,trusted tables/helpers; not client-presented,caller-owned/server context,none material observed,NO_MATERIAL_EXPANSION_OBSERVED,PRIVILEGED_OPERATION,controlled privileged read/write path; caller direct table authority intentionally insufficient or sensitive,PROVEN_BY_BODY_CONTRACT,DEFINER,authenticated + role/object gates,NONE_OBSERVED,NOT_DETERMINED (owner postgres observed; target owner not auto-accepted),REVIEW_REQUIRED,CONDITIONAL,CONDITIONAL,NONE_OBSERVED,NO,YES,CONDITIONAL,ACCEPTABLE WITH RESIDUAL RISK,runtime effectiveness not proven,independent AppSec retest; runtime/concurrency assurance
119,public.relatorio_fornecedor(p_lista_id uuid),YES,DEFINER,postgres,public,false,false,true,true,APP,ACTIVE_VERSIONED_APP_CALLER,accepted M2-02 provenance closure + live exact signature/body,ACTIVE_VERSIONED_APP_CALLER,YES,NO,READ_ONLY,auth.uid()/server-derived profile,server-derived empresa/object relation,trusted tables/helpers; not client-presented,server relation binding,none material observed,NO_MATERIAL_EXPANSION_OBSERVED,PRIVILEGED_OPERATION,"NOT PROVEN. p_lista_id directly selects listas, leads, and lista_avaliacoes; is_gestor() alone does not bind the supplied object to the caller's tenant or authorized list scope.",NOT_PROVEN,NOT_DETERMINED,authenticated gestor-class caller with proven tenant/list authority,NONE_OBSERVED,NOT_DETERMINED (owner postgres observed; target owner not auto-accepted),REVIEW_REQUIRED,CONDITIONAL,YES,NONE_OBSERVED,NO,YES,NO,BLOCKING,cross-tenant scope risk in current body,M2-04C/direct-read proof binding p_lista_id to authorized tenant/object scope; independent AppSec assurance
120,"public.relatorio_historico_corretor(p_data_inicio date, p_data_fim date, p_feedback text, p_limit integer, p_offset integer)",YES,DEFINER,postgres,public,false,false,true,true,APP,ACTIVE_VERSIONED_APP_CALLER,accepted M2-02 provenance closure + live exact signature/body,ACTIVE_VERSIONED_APP_CALLER,YES,NO,READ_ONLY,auth.uid()/server-derived profile,N/A or indirect,none/indirect,caller-owned/server context,none material observed,NO_MATERIAL_EXPANSION_OBSERVED,AUTHENTICATED_QUERY,requires M2-04C/RLS or parent-caller proof before deciding whether caller authority is sufficient,NOT_DETERMINED,NOT_DETERMINED,authenticated,NONE_OBSERVED,NOT_DETERMINED (owner postgres observed; target owner not auto-accepted),REVIEW_REQUIRED,YES,YES,NONE_OBSERVED,NO,NO / NOT_REQUIRED_FOR_THIS_CLASSIFICATION,NO,REQUIRED IN THIS TASK,mode depends on RLS/direct authority proof,M2-04C RLS/direct-DML proof
123,"public.set_lembrete(p_lead_id uuid, p_proximo_contato_em timestamp with time zone)",YES,DEFINER,postgres,public,false,false,true,true,EXT_NO_APP_CALLER,NO_CURRENT_APP_CALLER_PROVEN,accepted M2-02 provenance closure + live exact signature/body,NO_CURRENT_APP_CALLER_PROVEN,YES,YES,MUTATIVE,auth.uid()/server-derived profile,server-derived empresa/object relation,none/indirect,server relation binding,none material observed,NO_MATERIAL_EXPANSION_OBSERVED,AUTHENTICATED_COMMAND,controlled privileged read/write path; caller direct table authority intentionally insufficient or sensitive,PROVEN_BY_BODY_CONTRACT,DEFINER,authenticated,NONE_OBSERVED,NOT_DETERMINED (owner postgres observed; target owner not auto-accepted),REVIEW_REQUIRED,YES,YES,NONE_OBSERVED,NO,CONDITIONAL,CONDITIONAL,ACCEPTABLE WITH RESIDUAL RISK,lifecycle/caller reachability unresolved,runtime/concurrency assurance; caller/lifecycle adjudication
124,"public.simular_troca_plano_empresa_root(p_empresa_id uuid, p_novo_plano_id uuid, p_data_efetiva timestamp with time zone)",YES,DEFINER,postgres,public,false,true,true,true,APP,ACTIVE_VERSIONED_APP_CALLER,accepted M2-02 provenance closure + live exact signature/body,ACTIVE_VERSIONED_APP_CALLER,YES,NO,READ_ONLY,auth.uid()/server-derived profile,server-derived empresa/object relation,trusted tables/helpers; not client-presented,caller-owned/server context,none material observed,NO_MATERIAL_EXPANSION_OBSERVED,PRIVILEGED_OPERATION,controlled privileged read/write path; caller direct table authority intentionally insufficient or sensitive,PROVEN_BY_BODY_CONTRACT,DEFINER,authenticated + role/object gates,ANON_EXECUTE_EXCEEDS_TARGET,NOT_DETERMINED (owner postgres observed; target owner not auto-accepted),REVIEW_REQUIRED,CONDITIONAL,CONDITIONAL,NONE_OBSERVED,NO,YES,NO,REQUIRED IN THIS TASK,ACL/class mismatch,independent AppSec retest
125,public.solicitar_lote(p_lista_id uuid),YES,DEFINER,postgres,public,false,false,true,true,APP,ACTIVE_VERSIONED_APP_CALLER,accepted M2-02 provenance closure + live exact signature/body,ACTIVE_VERSIONED_APP_CALLER,YES,YES,MUTATIVE,auth.uid()/server-derived profile,server-derived empresa/object relation,trusted tables/helpers; not client-presented,server relation binding,none material observed,NO_MATERIAL_EXPANSION_OBSERVED,AUTHENTICATED_COMMAND,controlled privileged read/write path; caller direct table authority intentionally insufficient or sensitive,PROVEN_BY_BODY_CONTRACT,DEFINER,authenticated,NONE_OBSERVED,NOT_DETERMINED (owner postgres observed; target owner not auto-accepted),REVIEW_REQUIRED,YES,YES,NONE_OBSERVED,NO,CONDITIONAL,YES,ACCEPTABLE WITH RESIDUAL RISK,runtime effectiveness not proven,runtime/concurrency assurance
126,public.solicitar_lote_core(p_user_id uuid),YES,DEFINER,postgres,public,false,false,false,true,DB_INTERNAL,DB_INTERNAL,accepted M2-02 provenance closure + live exact signature/body,DB_INTERNAL,NO,NO,READ_ONLY,auth.uid()/server-derived profile,server-derived empresa/object relation,trusted tables/helpers; not client-presented,caller-owned/server context,"is_root,solicitar_lote",YES/REVIEW,DB_INTERNAL_HELPER,requires M2-04C/RLS or parent-caller proof before deciding whether caller authority is sufficient,NOT_DETERMINED,NOT_DETERMINED,internal callers only; no direct client EXECUTE,NONE_OBSERVED,NOT_DETERMINED (owner postgres observed; target owner not auto-accepted),REVIEW_REQUIRED,YES,YES,NONE_OBSERVED,NO,CONDITIONAL,NO,REQUIRED IN THIS TASK,mode depends on RLS/direct authority proof,M2-04C RLS/direct-DML proof
127,public.solicitar_lote_forcado(p_user_id uuid),YES,DEFINER,postgres,public,false,false,true,true,EXT_NO_APP_CALLER,NO_CURRENT_APP_CALLER_PROVEN,accepted M2-02 provenance closure + live exact signature/body,NO_CURRENT_APP_CALLER_PROVEN,NO,NO,TRANSITIVE_MUTATIVE,server relation / supplied object,N/A or indirect,none/indirect,caller-owned/server context,solicitar_lote_core -> solicitar_lote,YES/REVIEW,PRIVILEGED_OPERATION,"NOT PROVEN. The wrapper's apparent purpose is privileged forced allocation for another user, but the transitive implementation ultimately calls solicitar_lote(NULL), which derives the operational actor from auth.uid(). The claimed elevated operation is therefore not implemented/proven by the current body contract.",NOT_PROVEN,NOT_DETERMINED,privileged root/admin/internal caller only if a forced-user authority contract is later proven; exact direct EXECUTE contract unresolved,NONE_OBSERVED,NOT_DETERMINED (owner postgres observed; target owner not auto-accepted),REVIEW_REQUIRED,CONDITIONAL,CONDITIONAL,NONE_OBSERVED,NO,YES,YES,BLOCKING,lifecycle/caller reachability unresolved,proof of intended forced-user semantics and actor binding across the full transitive call chain; lifecycle/caller adjudication; runtime/concurrency assurance; independent AppSec assurance
128,"public.t1_can_update_corretor_row_strict(p_target_empresa_id uuid, p_target_time_id uuid, p_target_role text, p_target_is_admin_local boolean, p_target_is_gestor boolean)",YES,DEFINER,postgres,pg_catalog,false,false,true,false,INTERNAL_HELPER,INTERNAL_HELPER,accepted M2-02 provenance closure + live exact signature/body,INTERNAL_HELPER,YES,NO,READ_ONLY,auth.uid()/server-derived profile,server-derived empresa/object relation,trusted tables/helpers; not client-presented,caller-owned/server context,none material observed,NO_MATERIAL_EXPANSION_OBSERVED,DB_INTERNAL_HELPER,requires M2-04C/RLS or parent-caller proof before deciding whether caller authority is sufficient,NOT_DETERMINED,NOT_DETERMINED,internal callers only; no direct client EXECUTE,DIRECT_AUTH_EXECUTE_ON_INTERNAL_HELPER,NOT_DETERMINED (owner postgres observed; target owner not auto-accepted),HARDENED_FORM_OBSERVED; semantic safety still requires review,YES,YES,NONE_OBSERVED,NO,CONDITIONAL,NO,REQUIRED IN THIS TASK,ACL/class mismatch; mode depends on RLS/direct authority proof,M2-04C RLS/direct-DML proof
129,public.t1_is_root_strict(),YES,DEFINER,postgres,pg_catalog,false,false,true,false,NO_VERSIONED_CALLER,NO_VERSIONED_CALLER,accepted M2-02 provenance closure + live exact signature/body,NO_VERSIONED_CALLER,YES,NO,READ_ONLY,auth.uid()/server-derived profile,server-derived empresa/object relation,trusted tables/helpers; not client-presented,caller-owned/server context,none material observed,NO_MATERIAL_EXPANSION_OBSERVED,DB_INTERNAL_HELPER,requires M2-04C/RLS or parent-caller proof before deciding whether caller authority is sufficient,NOT_DETERMINED,NOT_DETERMINED,internal callers only; no direct client EXECUTE,DIRECT_AUTH_EXECUTE_ON_INTERNAL_HELPER,NOT_DETERMINED (owner postgres observed; target owner not auto-accepted),HARDENED_FORM_OBSERVED; semantic safety still requires review,YES,YES,NONE_OBSERVED,NO,CONDITIONAL,NO,REQUIRED IN THIS TASK,ACL/class mismatch; mode depends on RLS/direct authority proof; lifecycle/caller reachability unresolved,M2-04C RLS/direct-DML proof; caller/lifecycle adjudication
131,"public.t3_issue_admin_password_reset_edge_proof(p_actor_user_id uuid, p_target_user_id uuid)",YES,DEFINER,postgres,pg_catalog,false,false,false,true,EDGE,EDGE,accepted M2-02 provenance closure + live exact signature/body,EDGE,NO,YES,MUTATIVE,Edge-bound actor,N/A or indirect,none/indirect,caller-owned/server context,none material observed,NO_MATERIAL_EXPANSION_OBSERVED,SERVICE_ONLY_COMMAND,controlled privileged read/write path; caller direct table authority intentionally insufficient or sensitive,PROVEN_BY_BODY_CONTRACT,DEFINER,service_role / bounded Edge service only,NONE_OBSERVED,NOT_DETERMINED (owner postgres observed; target owner not auto-accepted),HARDENED_FORM_OBSERVED; semantic safety still requires review,CONDITIONAL,CONDITIONAL,NONE_OBSERVED,NO,YES,YES,ACCEPTABLE WITH RESIDUAL RISK,runtime effectiveness not proven,independent AppSec retest; runtime/concurrency assurance
132,"public.t3_prepare_admin_password_reset(p_target_user_id uuid, p_edge_proof_id uuid)",YES,DEFINER,postgres,pg_catalog,false,false,true,false,EDGE,EDGE,accepted M2-02 provenance closure + live exact signature/body,EDGE,YES,YES,MUTATIVE,auth.uid()/server-derived profile,N/A or indirect,none/indirect,caller-owned/server context,none material observed,NO_MATERIAL_EXPANSION_OBSERVED,PRIVILEGED_OPERATION,controlled privileged read/write path; caller direct table authority intentionally insufficient or sensitive,PROVEN_BY_BODY_CONTRACT,DEFINER,authenticated + role/object gates,NONE_OBSERVED,NOT_DETERMINED (owner postgres observed; target owner not auto-accepted),HARDENED_FORM_OBSERVED; semantic safety still requires review,CONDITIONAL,CONDITIONAL,NONE_OBSERVED,NO,YES,YES,ACCEPTABLE WITH RESIDUAL RISK,runtime effectiveness not proven,independent AppSec retest; runtime/concurrency assurance
133,"public.t3_release_admin_password_reset_lease(p_lease_id uuid, p_actor_user_id uuid, p_target_user_id uuid)",YES,DEFINER,postgres,pg_catalog,false,false,false,true,EDGE,EDGE,accepted M2-02 provenance closure + live exact signature/body,EDGE,NO,YES,MUTATIVE,Edge-bound actor,N/A or indirect,none/indirect,caller-owned/server context,none material observed,NO_MATERIAL_EXPANSION_OBSERVED,SERVICE_ONLY_COMMAND,controlled privileged read/write path; caller direct table authority intentionally insufficient or sensitive,PROVEN_BY_BODY_CONTRACT,DEFINER,service_role / bounded Edge service only,NONE_OBSERVED,NOT_DETERMINED (owner postgres observed; target owner not auto-accepted),HARDENED_FORM_OBSERVED; semantic safety still requires review,CONDITIONAL,CONDITIONAL,NONE_OBSERVED,NO,YES,YES,ACCEPTABLE WITH RESIDUAL RISK,runtime effectiveness not proven,independent AppSec retest; runtime/concurrency assurance
135,"public.trocar_lista(p_lista_nova_id uuid, p_nota integer)",YES,DEFINER,postgres,public,false,false,true,true,APP,ACTIVE_VERSIONED_APP_CALLER,accepted M2-02 provenance closure + live exact signature/body,ACTIVE_VERSIONED_APP_CALLER,YES,YES,MUTATIVE,auth.uid()/server-derived profile,server-derived empresa/object relation,trusted tables/helpers; not client-presented,server relation binding,solicitar_lote,YES/REVIEW,PRIVILEGED_OPERATION,controlled privileged read/write path; caller direct table authority intentionally insufficient or sensitive,PROVEN_BY_BODY_CONTRACT,DEFINER,authenticated + role/object gates,NONE_OBSERVED,NOT_DETERMINED (owner postgres observed; target owner not auto-accepted),REVIEW_REQUIRED,CONDITIONAL,CONDITIONAL,NONE_OBSERVED,NO,YES,YES,ACCEPTABLE WITH RESIDUAL RISK,runtime effectiveness not proven,independent AppSec retest; runtime/concurrency assurance
136,public.usuario_pode_importar_mesa_json_admin(p_empresa_id uuid),YES,DEFINER,postgres,public,false,false,true,true,APP,ACTIVE_VERSIONED_APP_CALLER,accepted M2-02 provenance closure + live exact signature/body,ACTIVE_VERSIONED_APP_CALLER,YES,NO,READ_ONLY,auth.uid()/server-derived profile,server-derived empresa/object relation,trusted tables/helpers; not client-presented,server relation binding,none material observed,NO_MATERIAL_EXPANSION_OBSERVED,PRIVILEGED_OPERATION,controlled privileged read/write path; caller direct table authority intentionally insufficient or sensitive,PROVEN_BY_BODY_CONTRACT,DEFINER,authenticated + role/object gates,NONE_OBSERVED,NOT_DETERMINED (owner postgres observed; target owner not auto-accepted),REVIEW_REQUIRED,CONDITIONAL,CONDITIONAL,NONE_OBSERVED,NO,YES,NO,ACCEPTABLE WITH RESIDUAL RISK,runtime effectiveness not proven,independent AppSec retest
137,"public.validar_mesa_cliente_desconto(p_empreendimento_id uuid, p_valor_tabela numeric, p_desconto_valor numeric)",YES,DEFINER,postgres,public,false,true,true,true,DB_INTERNAL,DB_INTERNAL,accepted M2-02 provenance closure + live exact signature/body,DB_INTERNAL,NO,NO,READ_ONLY,auth.uid()/server-derived profile,server-derived empresa/object relation,none/indirect,server relation binding,get_mesa_cliente_desconto_politica,YES/REVIEW,DB_INTERNAL_HELPER,requires M2-04C/RLS or parent-caller proof before deciding whether caller authority is sufficient,NOT_DETERMINED,NOT_DETERMINED,internal callers only; no direct client EXECUTE,ANON_EXECUTE_EXCEEDS_TARGET;DIRECT_AUTH_EXECUTE_ON_INTERNAL_HELPER,NOT_DETERMINED (owner postgres observed; target owner not auto-accepted),REVIEW_REQUIRED,YES,YES,NONE_OBSERVED,NO,CONDITIONAL,NO,REQUIRED IN THIS TASK,ACL/class mismatch; mode depends on RLS/direct authority proof,M2-04C RLS/direct-DML proof
